TransactionID,Bread,Milk,Cheese,Eggs,Yogurt,Butter,Fruits,Vegetables,Meat,Fish,Pasta,Rice,Cereal,Juice,Coffee,Tea,Snacks,Chocolate,Cleaning Supplies,Personal Care
T0001,0,0,0,0,1,1,1,0,0,0,1,0,0,1,1,1,0,0,0,1
T0002,0,1,1,0,0,0,1,0,0,1,0,1,1,0,0,0,0,1,0,0
T0003,1,0,1,0,1,0,0,0,0,1,0,0,0,0,0,0,1,1,1,0
T0004,0,1,0,0,1,0,1,0,1,0,0,1,1,0,0,0,0,1,0,1
T0005,0,0,0,1,0,0,0,0,0,0,1,0,0,0,0,0,0,0,1,1
T0006,1,0,0,0,0,1,0,0,1,1,1,1,0,0,0,0,0,1,0,0
T0007,0,0,0,1,1,0,0,0,1,0,0,1,1,0,0,0,0,0,0,0
T0008,0,1,0,0,1,1,0,0,1,1,0,1,1,0,0,1,0,0,1,0
T0009,0,0,0,0,1,0,0,1,1,0,0,1,0,1,0,1,0,0,0,1
T0010,0,1,0,0,1,0,0,0,0,1,1,0,0,0,0,0,0,0,0,0
T0011,0,1,1,0,0,1,1,0,1,1,0,0,0,1,0,1,0,0,0,0
T0012,0,0,1,0,1,1,0,0,0,0,0,0,0,0,1,0,1,1,0,1
T0013,0,0,0,0,1,0,0,0,0,0,1,0,0,0,1,0,0,0,0,1
T0014,0,0,1,0,0,0,0,0,0,1,0,0,0,0,0,0,0,0,0,0
T0015,0,0,0,1,0,1,0,0,1,0,1,1,0,0,1,0,0,1,0,1
T0016,1,0,0,0,0,0,0,0,0,1,0,1,1,0,0,0,0,1,1,1
T0017,0,0,0,1,0,0,0,0,0,1,0,0,1,1,1,1,0,0,0,1
T0018,0,0,1,0,0,0,0,1,0,0,0,0,0,1,1,0,1,0,0,0
T0019,0,0,0,0,0,0,0,0,1,1,1,1,1,0,1,0,0,1,0,1
T0020,1,0,0,0,0,0,1,1,0,0,0,0,0,0,0,0,0,0,0,0
T0021,1,0,0,0,0,0,0,1,0,1,0,0,0,0,0,0,1,0,0,0
T0022,0,0,1,0,1,0,0,0,0,1,1,0,0,1,1,0,1,0,0,1
T0023,1,0,0,0,0,0,0,0,0,1,0,0,0,0,1,0,1,0,1,1
T0024,1,0,0,0,0,0,1,0,1,0,1,0,1,0,0,0,1,0,0,0
T0025,0,0,0,0,0,0,1,1,0,0,0,0,1,1,0,0,0,1,0,0
T0026,0,0,0,0,0,1,0,0,0,0,0,0,0,0,1,1,0,0,0,1
T0027,0,0,0,0,0,0,0,1,1,0,0,0,0,0,0,0,0,1,0,1
T0028,0,0,1,0,0,0,1,0,0,0,0,0,0,0,0,0,1,1,0,0
T0029,0,1,1,1,0,0,0,0,0,0,0,0,0,0,0,0,1,0,0,1
T0030,0,0,0,0,0,1,1,1,1,1,1,0,1,0,0,0,0,1,1,1
T0031,1,1,1,1,1,0,1,0,0,0,1,0,0,1,0,0,1,1,0,0
T0032,1,1,0,0,0,0,0,0,1,1,0,0,0,0,1,0,0,1,1,0
T0033,1,0,1,0,1,0,0,0,0,0,1,0,0,0,0,1,1,0,0,0
T0034,0,0,0,1,1,1,1,1,1,1,1,0,1,0,0,0,1,0,0,0
T0035,0,1,1,0,0,0,0,1,0,1,0,0,0,1,1,0,1,0,1,0
T0036,0,1,0,1,1,0,0,0,1,0,0,0,0,0,0,0,0,0,1,0
T0037,0,1,1,0,0,0,1,0,1,1,1,0,0,0,0,0,0,0,0,0
T0038,0,0,0,0,1,0,0,0,0,0,1,0,0,0,1,0,0,0,0,0
T0039,1,0,1,0,1,0,0,0,0,0,1,0,1,0,0,1,1,0,0,0
T0040,0,0,1,0,1,0,0,0,0,0,1,0,0,0,1,0,0,0,0,0
T0041,0,1,0,0,0,0,0,0,0,1,0,0,1,0,0,0,0,0,1,0
T0042,0,1,0,0,0,0,0,0,0,0,1,0,1,1,0,0,0,0,0,0
T0043,1,0,1,0,1,0,1,0,0,0,1,0,1,0,1,1,1,0,0,1
T0044,0,0,0,0,0,0,1,1,0,0,0,1,0,0,1,1,0,0,1,1
T0045,1,0,1,1,0,1,0,1,1,1,0,0,0,0,0,1,1,0,1,1
T0046,1,1,1,0,0,0,0,0,1,0,0,1,0,0,0,0,1,0,0,1
T0047,0,0,0,0,0,1,1,0,0,1,1,0,0,0,1,1,1,0,1,0
T0048,1,0,0,0,1,1,1,0,0,0,0,0,1,0,0,0,0,1,1,0
T0049,1,0,1,0,1,0,0,1,0,0,0,0,0,1,1,1,0,1,0,0
T0050,0,0,1,1,0,0,0,0,1,0,0,0,1,0,0,1,0,1,0,0
T0051,1,0,0,0,0,0,0,0,1,0,1,0,0,1,0,0,1,0,0,1
T0052,0,1,0,0,0,0,0,0,0,0,1,0,1,1,1,0,0,0,1,0
T0053,0,0,0,0,0,0,1,1,0,1,0,0,0,0,0,0,0,0,0,0
T0054,0,0,0,0,0,0,1,1,0,1,1,1,1,1,0,0,0,0,1,0
T0055,0,1,0,0,0,0,0,1,0,1,0,0,0,0,1,1,1,1,0,0
T0056,1,0,0,0,0,1,0,0,0,1,0,1,1,0,0,0,1,0,1,1
T0057,0,0,0,0,0,0,1,0,0,1,0,0,1,1,0,1,0,0,0,0
T0058,0,0,0,0,1,0,0,0,0,0,0,0,0,0,0,0,1,0,0,1
T0059,0,1,0,0,1,0,0,0,1,1,0,0,0,1,0,0,0,1,0,0
T0060,0,0,0,0,1,0,0,1,0,0,1,0,0,0,1,0,0,0,0,1
T0061,0,1,1,0,0,0,0,0,1,0,0,0,1,0,0,1,1,0,0,1
T0062,0,1,0,0,0,0,0,1,0,0,0,1,1,1,0,0,0,0,0,1
T0063,0,0,0,0,0,0,1,1,0,0,0,0,1,1,0,0,1,0,1,0
T0064,1,0,0,0,1,1,0,0,0,1,0,0,0,1,0,1,1,0,1,0
T0065,0,0,0,1,0,0,1,0,1,1,0,1,0,0,0,1,1,1,0,0
T0066,1,0,1,0,0,0,0,0,0,0,1,0,0,0,0,0,0,0,1,1
T0067,1,1,0,1,0,0,1,0,0,0,0,0,1,0,0,0,1,0,1,1
T0068,1,0,0,0,0,0,0,0,0,1,0,0,0,0,0,0,0,0,1,0
T0069,0,1,0,0,0,1,0,0,1,1,0,1,0,0,1,0,0,0,0,0
T0070,1,0,0,1,0,0,0,1,0,0,1,1,1,0,0,0,0,1,0,0
T0071,1,1,1,0,0,0,0,0,0,0,1,1,1,1,0,0,1,1,0,0
T0072,0,0,1,1,0,0,1,0,0,0,0,0,0,0,1,1,0,0,1,0
T0073,0,1,0,0,0,1,0,0,0,0,0,0,0,0,1,0,0,0,1,0
T0074,0,0,1,0,0,1,0,0,0,0,0,0,0,0,0,0,0,0,0,0
T0075,0,1,0,1,0,0,0,0,0,0,1,0,1,1,0,0,0,0,0,0
T0076,0,0,1,0,0,0,0,0,0,0,0,0,0,1,1,1,0,0,1,0
T0077,1,0,0,1,0,1,1,0,0,0,0,0,0,1,0,1,1,0,1,0
T0078,0,1,0,1,0,0,0,0,1,0,0,0,0,0,1,1,0,0,0,0
T0079,0,1,0,1,0,0,0,1,0,0,0,1,0,0,1,1,1,0,0,0
T0080,1,0,0,0,0,1,0,0,0,0,0,0,1,1,0,0,1,1,1,0
T0081,1,0,1,0,1,0,1,0,1,0,0,0,0,0,0,0,0,0,0,0
T0082,0,1,0,0,1,0,1,0,1,0,0,0,0,0,0,1,0,1,0,0
T0083,0,0,0,0,1,0,1,0,0,0,1,0,1,0,1,0,0,0,0,0
T0084,0,0,0,0,0,0,1,0,1,0,0,0,0,0,0,0,1,0,1,0
T0085,0,0,0,0,1,0,0,0,0,0,1,0,0,1,0,1,1,1,0,0
T0086,0,0,0,0,0,1,0,1,0,0,1,1,0,0,1,0,1,0,0,1
T0087,1,1,0,1,0,1,0,0,0,0,0,0,0,0,1,0,0,1,0,0
T0088,0,0,0,1,0,0,1,1,0,1,0,1,1,1,0,0,0,0,1,0
T0089,0,0,1,0,1,0,0,0,0,0,0,0,0,0,0,0,0,0,1,0
T0090,1,0,0,0,0,0,0,0,1,0,1,0,0,0,1,1,0,1,1,1
T0091,0,0,0,1,0,0,0,1,1,1,0,0,1,1,1,0,1,0,0,0
T0092,1,1,0,0,0,0,1,0,0,1,0,0,0,0,0,0,1,0,0,1
T0093,0,0,0,0,0,1,1,1,0,0,1,0,0,0,0,1,0,0,0,0
T0094,0,0,1,0,0,0,1,1,1,0,0,1,0,0,0,0,0,0,1,0
T0095,0,0,0,0,1,0,1,1,0,0,1,0,0,1,0,0,0,1,0,0
T0096,0,1,0,1,0,1,0,0,0,1,0,0,0,0,0,0,0,0,0,0
T0097,0,1,0,0,0,1,0,0,0,1,0,0,0,0,0,0,1,0,0,1
T0098,1,0,0,0,0,0,0,1,0,0,1,1,0,0,0,0,0,0,0,0
T0099,1,0,0,0,0,0,1,0,0,1,1,0,1,0,1,0,1,0,0,0
T0100,1,0,0,0,1,1,0,0,0,0,0,1,0,1,0,0,0,1,1,1
T0101,1,1,0,1,1,0,0,0,1,0,1,1,0,1,0,0,0,0,1,0
T0102,0,0,0,1,0,1,0,0,1,0,1,0,0,0,0,0,1,1,1,1
T0103,0,0,0,1,0,0,1,0,0,1,0,0,1,0,0,0,0,0,0,0
T0104,1,0,0,0,1,0,1,1,1,0,0,0,1,0,0,0,1,0,0,0
T0105,1,1,0,0,0,0,1,0,0,0,0,0,1,0,1,0,0,0,0,0
T0106,0,0,1,0,0,0,0,0,1,0,1,1,1,0,0,1,0,0,1,0
T0107,0,0,0,0,0,0,0,1,0,0,1,1,0,0,0,0,1,0,1,0
T0108,0,0,0,0,0,0,0,0,0,0,0,1,0,0,1,1,1,0,0,0
T0109,0,0,0,0,0,0,0,1,0,0,0,1,1,0,1,0,1,0,0,0
T0110,0,1,1,0,0,0,0,0,0,0,1,0,0,0,1,0,0,0,0,0
T0111,0,1,0,1,0,0,1,0,1,0,0,0,1,0,0,0,0,1,0,1
T0112,0,0,1,1,1,0,0,0,1,1,0,1,0,0,0,0,0,1,1,1
T0113,0,1,0,0,0,0,1,0,0,1,1,0,0,0,0,0,0,0,0,0
T0114,0,0,0,0,0,0,0,0,1,0,1,0,0,0,0,0,0,0,0,1
T0115,1,0,0,1,1,1,0,0,0,1,0,1,1,0,1,1,1,1,1,0
T0116,0,0,0,1,0,0,1,0,1,0,0,0,0,0,0,1,1,0,0,0
T0117,0,0,0,0,0,0,0,1,0,1,1,1,0,0,1,0,0,0,1,0
T0118,0,1,1,0,0,0,0,0,0,1,0,0,0,0,0,1,0,1,0,1
T0119,1,0,1,0,0,1,1,0,0,0,0,0,0,0,0,1,0,0,0,0
T0120,0,0,0,0,0,0,0,0,0,0,0,1,0,1,0,0,1,1,0,0
T0121,0,1,0,0,0,0,0,1,0,0,0,1,0,1,0,0,0,1,1,0
T0122,1,1,0,0,1,0,1,0,0,0,0,0,0,1,0,0,0,0,0,1
T0123,0,0,0,0,0,0,1,1,1,0,1,0,0,0,0,1,0,0,0,0
T0124,0,0,0,0,0,1,0,1,0,0,1,0,0,0,0,0,1,0,1,0
T0125,1,0,0,1,0,0,0,0,0,0,1,1,0,0,0,0,0,0,0,0
T0126,0,0,0,0,1,1,0,0,0,0,1,0,0,0,0,0,1,0,0,0
T0127,0,1,1,0,0,1,1,0,1,0,0,0,1,1,0,0,0,1,0,0
T0128,0,0,0,0,1,0,1,0,0,1,0,1,0,0,1,0,0,1,1,0
T0129,0,0,1,1,0,1,1,1,0,0,0,0,0,0,1,0,0,0,0,0
T0130,1,0,0,0,0,0,1,0,1,0,0,0,0,0,1,0,1,0,1,1
T0131,0,1,0,0,1,0,1,1,0,1,0,1,1,0,0,1,0,1,0,0
T0132,0,0,0,0,0,0,1,0,0,0,0,0,1,1,0,0,0,0,0,0
T0133,1,1,0,0,1,0,0,0,0,0,1,0,0,1,0,0,0,0,1,0
T0134,0,0,1,0,0,1,1,0,0,0,0,0,0,1,0,1,0,1,1,0
T0135,1,0,1,0,0,1,1,0,0,0,0,0,1,0,0,0,0,0,0,0
T0136,0,0,1,1,0,0,1,1,1,1,0,0,0,0,1,1,0,0,0,1
T0137,0,0,0,0,0,0,1,1,1,0,0,0,1,0,0,0,0,0,0,1
T0138,0,1,1,1,0,0,0,1,0,0,0,0,1,0,0,1,0,0,0,1
T0139,1,1,0,0,1,0,0,1,0,0,1,1,0,0,0,0,1,1,0,1
T0140,1,0,0,0,0,1,0,1,0,0,0,0,0,1,0,0,1,0,0,1
T0141,0,0,0,0,0,0,0,1,0,0,1,0,0,1,0,0,0,1,1,0
T0142,0,1,0,1,0,0,0,1,0,1,0,0,1,1,0,0,0,1,0,0
T0143,0,0,0,0,0,0,0,1,0,0,0,1,1,0,1,0,1,1,1,1
T0144,0,1,0,0,0,0,0,0,1,0,0,0,0,0,0,0,0,1,0,1
T0145,0,0,1,1,1,0,0,0,0,0,0,0,0,0,1,0,0,1,0,1
T0146,1,0,1,0,0,1,0,1,0,0,1,1,0,0,1,0,0,0,0,0
T0147,0,0,0,1,0,0,0,0,0,0,0,0,1,0,0,1,0,0,0,1
T0148,1,0,1,0,0,1,0,0,0,0,0,0,0,0,0,0,0,0,1,0
T0149,1,0,0,0,0,0,0,0,0,0,0,1,0,0,0,1,0,1,0,0
T0150,0,1,0,0,0,0,1,0,0,0,1,0,0,0,1,0,1,0,1,0
T0151,0,0,1,0,0,0,0,1,0,1,0,1,0,0,0,0,0,0,1,0
T0152,1,0,0,0,1,0,0,0,0,0,1,0,0,1,1,1,0,0,1,0
T0153,1,0,1,0,0,0,0,0,0,1,1,0,1,1,0,0,0,1,1,0
T0154,1,1,0,0,0,1,1,0,1,0,0,0,0,1,0,0,0,1,1,0
T0155,0,0,1,0,0,0,0,1,0,1,0,0,0,0,1,0,0,1,1,0
T0156,1,0,0,0,1,0,0,1,0,0,0,1,0,1,1,0,0,1,1,1
T0157,1,1,1,0,0,0,0,1,0,0,0,0,0,0,1,0,0,0,0,1
T0158,0,0,0,0,1,0,0,0,0,0,0,1,0,0,0,0,0,1,0,1
T0159,0,1,0,0,1,0,0,1,0,0,0,1,1,1,1,1,0,0,0,0
T0160,1,1,0,1,0,0,0,0,0,0,0,0,0,0,0,0,0,0,1,0
T0161,0,0,1,0,0,0,0,0,0,0,1,0,1,0,1,1,1,1,0,0
T0162,0,1,1,1,1,0,1,0,1,1,0,0,1,1,0,1,1,0,0,0
T0163,0,0,0,0,0,1,0,0,0,0,0,1,0,1,0,1,0,1,0,0
T0164,1,0,0,1,0,1,0,0,0,0,1,1,0,0,0,0,0,0,0,0
T0165,0,1,0,0,0,1,0,0,0,1,1,0,0,0,0,1,0,1,0,0
T0166,0,0,0,0,1,0,0,1,0,0,0,0,0,1,1,0,0,1,0,0
T0167,0,1,0,0,0,0,0,0,1,0,0,0,1,1,0,0,0,0,0,0
T0168,0,0,0,1,0,0,1,1,0,1,1,0,0,0,1,1,0,0,0,0
T0169,0,1,0,1,0,0,0,1,1,0,1,0,1,0,0,0,0,1,1,0
T0170,0,0,1,1,1,0,1,0,1,0,0,0,0,0,0,0,0,0,1,0
T0171,1,1,0,0,0,0,0,0,1,1,0,1,1,0,0,0,0,0,1,1
T0172,0,0,0,1,0,0,0,0,0,0,0,0,0,0,0,0,1,0,0,0
T0173,0,0,1,0,0,0,0,0,0,1,0,0,0,0,0,1,0,0,0,0
T0174,1,1,0,0,1,0,0,0,0,1,1,0,0,0,0,0,0,0,0,0
T0175,1,0,1,0,0,0,0,1,1,0,1,0,0,0,0,1,0,0,1,0
T0176,1,0,0,1,0,0,0,0,0,1,0,1,0,0,0,0,1,0,1,1
T0177,1,0,1,1,1,1,0,0,0,0,1,0,0,1,1,1,1,0,0,1
T0178,1,0,1,0,0,1,1,0,0,0,0,1,0,0,1,0,1,0,1,0
T0179,0,0,1,0,0,0,0,0,0,0,0,0,0,0,0,0,1,0,0,0
T0180,0,0,0,0,0,0,0,0,1,1,0,1,0,0,0,0,1,0,0,0
T0181,1,0,1,1,1,1,0,1,0,0,0,1,0,0,0,1,0,0,0,1
T0182,0,1,1,0,1,1,1,0,0,0,0,1,0,0,1,0,0,1,1,1
T0183,1,0,0,0,0,1,0,0,0,0,0,0,0,1,1,1,0,0,0,0
T0184,0,0,1,1,0,0,0,1,1,0,1,1,0,1,0,1,1,0,0,0
T0185,0,1,0,1,0,0,0,0,1,1,0,0,0,1,0,1,0,0,0,1
T0186,0,0,0,0,0,0,0,1,1,0,1,0,0,0,0,0,0,1,0,1
T0187,0,0,0,1,0,0,1,1,1,0,1,0,0,0,1,0,0,0,0,0
T0188,0,0,0,1,1,1,0,0,0,0,0,0,0,0,1,1,1,0,0,0
T0189,1,0,0,1,0,1,0,0,1,1,0,0,0,0,0,0,0,0,0,0
T0190,0,0,1,0,0,1,0,0,1,0,1,1,0,0,1,0,0,1,1,0
T0191,1,0,0,0,1,0,0,0,1,1,0,0,1,0,1,0,0,0,0,0
T0192,0,0,0,0,1,1,0,0,0,1,0,0,0,0,0,0,0,1,0,0
T0193,0,1,0,0,1,0,0,0,0,1,0,1,0,0,0,1,0,0,0,0
T0194,0,0,0,1,1,0,0,0,0,1,0,1,1,0,1,0,1,0,0,1
T0195,0,0,0,1,0,0,0,0,0,0,0,0,0,0,0,0,1,0,0,0
T0196,0,0,0,1,0,0,0,0,0,0,1,1,1,0,0,0,0,0,0,0
T0197,0,0,0,1,0,1,0,0,0,1,0,1,0,1,0,0,0,1,1,0
T0198,0,0,1,0,1,1,0,0,1,1,1,0,0,1,1,0,0,0,1,1
T0199,0,0,1,0,1,0,0,1,0,0,0,0,1,0,1,0,0,0,1,0
T0200,0,0,1,1,0,0,1,0,0,0,1,1,0,1,0,0,0,0,0,1
T0201,0,0,0,1,1,1,0,0,0,1,1,0,0,1,0,1,0,0,1,1
T0202,0,1,0,0,0,0,0,1,0,0,0,1,1,0,1,0,0,0,0,0
T0203,0,1,0,0,0,0,0,0,0,1,0,0,0,0,0,1,0,1,0,0
T0204,1,1,0,1,0,1,1,0,0,0,0,0,0,0,0,0,0,1,0,1
T0205,0,1,0,0,1,1,1,0,0,1,0,0,0,0,0,0,1,1,1,1
T0206,0,0,0,1,1,0,0,1,0,0,0,0,1,1,0,0,0,0,1,0
T0207,1,0,0,0,0,0,0,0,1,1,1,1,0,0,0,1,0,0,0,0
T0208,0,1,1,0,0,0,1,0,0,0,1,1,0,0,1,1,0,0,0,0
T0209,0,1,0,0,0,0,1,1,0,1,1,0,0,0,0,0,0,0,0,0
T0210,0,0,0,0,1,0,1,0,0,0,0,0,0,0,0,1,1,1,0,0
T0211,0,1,1,0,1,0,0,0,1,1,1,0,0,1,0,0,1,0,0,1
T0212,0,0,0,0,0,0,0,0,0,1,0,0,0,0,1,0,1,0,0,0
T0213,0,0,0,0,0,0,1,1,0,0,0,1,0,0,1,0,0,0,0,0
T0214,1,0,0,0,0,0,0,1,0,0,0,0,1,0,0,0,0,0,1,0
T0215,1,0,1,1,0,0,0,0,0,0,0,1,0,0,0,1,1,1,0,0
T0216,1,0,0,0,0,1,0,0,0,0,1,0,1,0,0,1,0,1,0,0
T0217,0,0,0,0,0,0,1,0,1,0,1,1,0,0,0,1,0,0,0,1
T0218,0,1,0,0,0,0,0,0,0,0,0,0,0,0,0,0,1,0,0,1
T0219,1,0,0,0,1,0,1,0,1,1,1,0,1,0,0,0,0,0,1,0
T0220,1,1,0,0,0,0,0,1,1,1,1,0,0,1,0,0,1,1,1,1
T0221,1,0,1,0,0,0,0,1,0,0,1,1,0,0,0,0,0,1,0,1
T0222,1,0,0,0,0,0,1,1,1,0,0,0,0,0,1,1,0,0,0,1
T0223,0,0,1,0,0,0,1,0,0,0,0,0,0,0,0,1,0,1,0,0
T0224,0,0,0,1,0,0,1,1,0,0,0,0,1,0,0,0,0,0,0,0
T0225,1,0,0,0,1,0,1,0,0,0,1,0,0,0,0,0,0,1,1,0
T0226,0,0,1,1,0,1,0,1,0,0,1,0,1,0,0,0,0,0,1,1
T0227,0,0,0,0,0,0,0,0,0,1,1,1,1,0,0,0,0,0,1,1
T0228,1,0,1,1,0,0,1,0,0,0,0,1,1,0,0,0,0,0,0,0
T0229,0,1,0,1,1,0,1,1,1,0,0,0,1,0,0,0,0,1,0,0
T0230,0,0,0,0,0,0,0,1,0,0,0,1,0,0,0,0,0,1,0,1
T0231,1,0,0,0,0,0,0,1,0,0,0,1,0,1,1,0,0,0,0,0
T0232,0,0,1,0,0,0,0,0,0,0,1,0,0,0,1,0,0,0,0,0
T0233,0,0,0,1,0,0,0,1,0,1,1,0,0,0,0,1,0,0,1,0
T0234,0,0,0,0,0,0,1,0,0,0,0,0,0,1,0,0,1,0,0,0
T0235,1,1,0,1,0,0,1,1,0,0,0,0,0,0,0,0,0,0,1,0
T0236,1,1,0,0,0,0,0,1,0,0,0,0,1,0,0,0,0,0,0,0
T0237,0,1,1,0,1,1,0,0,0,1,1,1,0,0,0,1,0,0,0,0
T0238,0,1,1,0,1,1,1,1,0,0,0,0,0,0,0,0,1,0,0,0
T0239,0,0,0,1,0,0,0,1,0,0,1,0,1,0,0,0,1,0,1,1
T0240,1,1,0,1,0,0,0,0,0,0,1,0,1,1,1,0,1,0,1,0
T0241,1,1,0,1,0,0,1,0,1,0,1,0,1,0,0,0,0,0,0,1
T0242,1,1,0,0,0,1,0,1,0,0,0,0,0,1,0,1,0,0,1,1
T0243,0,0,0,1,1,0,0,1,0,1,0,0,0,0,0,1,1,0,0,0
T0244,0,0,1,0,0,0,0,1,0,0,0,1,1,1,1,0,0,0,0,0
T0245,1,0,0,1,1,0,0,0,1,0,0,1,0,1,0,1,1,1,1,0
T0246,1,0,1,0,0,1,0,1,0,0,0,0,0,1,1,0,0,0,0,0
T0247,0,0,0,0,1,1,0,1,0,0,0,0,0,0,0,0,0,0,0,0
T0248,0,0,0,0,0,0,0,0,0,0,0,1,0,0,0,0,0,0,1,0
T0249,0,1,1,0,0,1,0,0,0,0,0,0,0,0,1,0,1,1,1,1
T0250,0,1,0,0,0,1,0,0,0,0,0,0,0,0,1,0,1,0,0,0
T0251,0,0,0,0,0,1,0,0,1,0,1,0,0,0,1,1,1,0,0,0
T0252,0,0,0,0,0,0,1,1,0,1,0,0,0,0,1,0,0,0,0,0
T0253,0,0,1,0,0,0,0,0,0,0,1,0,1,1,0,0,0,1,0,0
T0254,0,0,0,0,0,1,0,0,0,1,0,0,0,1,0,0,0,1,0,0
T0255,1,1,0,1,1,0,0,1,0,1,1,1,0,1,1,0,0,1,0,1
T0256,0,0,0,0,0,1,0,1,0,0,0,0,0,0,1,0,0,0,0,1
T0257,0,0,1,0,0,0,0,1,0,0,0,0,1,1,0,0,0,1,0,0
T0258,0,1,0,0,0,0,0,0,0,1,0,1,0,0,0,0,1,0,0,1
T0259,0,1,0,0,1,0,1,1,1,0,0,0,1,1,0,0,0,1,0,0
T0260,0,0,1,0,0,0,0,0,0,1,0,0,0,0,1,0,0,1,0,1
T0261,0,0,0,0,0,0,0,0,0,1,0,1,0,0,0,0,0,0,1,1
T0262,1,0,1,0,0,1,0,0,1,0,0,0,0,0,0,1,0,0,1,0
T0263,0,0,0,0,0,0,0,0,0,0,0,0,0,1,0,0,1,0,0,0
T0264,1,0,0,1,0,0,1,0,0,0,1,1,1,0,0,1,1,0,0,0
T0265,0,0,1,0,0,0,0,1,1,0,1,1,1,1,0,1,0,0,0,1
T0266,0,1,0,0,0,0,0,0,0,0,0,0,0,0,0,0,1,0,1,0
T0267,1,1,0,0,1,0,1,1,0,0,1,0,1,0,0,0,0,0,0,1
T0268,0,0,1,1,0,0,1,1,0,0,0,0,1,0,0,0,1,0,0,0
T0269,0,1,0,0,0,0,0,0,0,1,0,0,0,0,0,0,0,0,0,1
T0270,1,0,1,1,0,0,0,0,0,0,1,0,0,0,0,0,1,0,0,0
T0271,1,0,0,1,0,0,0,0,0,0,0,1,0,1,1,0,0,0,0,0
T0272,1,0,0,0,0,0,0,1,0,0,0,1,0,1,0,0,1,0,1,0
T0273,0,1,1,0,1,1,0,0,0,1,1,1,1,0,0,1,0,0,0,0
T0274,0,1,1,0,1,0,0,0,0,0,0,0,1,0,1,0,0,0,0,0
T0275,0,1,0,0,0,0,1,0,0,0,1,0,0,1,0,0,0,0,0,0
T0276,0,1,1,0,0,1,0,0,1,0,1,0,0,0,1,0,0,0,1,0
T0277,0,0,0,0,0,1,0,1,0,1,0,1,0,0,1,1,1,0,0,0
T0278,1,0,0,0,0,1,1,1,1,1,1,0,0,0,0,0,1,0,1,0
T0279,0,0,1,1,0,1,0,0,0,0,0,1,0,0,0,1,0,0,0,0
T0280,1,0,0,0,0,1,0,0,0,0,0,0,1,0,0,0,0,0,0,0
T0281,1,0,1,0,1,0,0,0,0,0,1,0,0,1,0,0,0,1,0,1
T0282,1,0,0,0,1,0,0,0,0,1,0,0,1,1,1,1,0,0,1,1
T0283,0,0,0,0,0,1,1,0,0,0,0,0,1,0,1,1,0,0,0,0
T0284,1,1,0,0,0,0,0,0,1,0,0,1,0,0,0,1,0,1,0,1
T0285,1,0,0,1,1,0,0,0,1,0,1,1,0,0,0,0,0,0,0,1
T0286,1,0,0,1,0,1,0,1,0,0,1,0,0,0,0,0,1,0,1,1
T0287,1,0,0,1,1,0,1,1,1,0,0,0,0,0,0,0,0,1,1,0
T0288,0,0,0,0,1,0,0,0,0,0,1,0,1,0,0,0,0,0,0,0
T0289,0,0,0,1,0,0,1,1,1,0,0,0,1,0,1,0,0,1,0,1
T0290,0,0,0,1,1,0,1,0,0,1,1,0,0,0,0,0,1,0,0,1
T0291,1,1,1,0,0,1,0,0,0,0,1,0,0,1,1,1,1,0,0,0
T0292,0,0,0,0,1,0,0,1,0,0,0,0,0,0,0,0,0,0,0,0
T0293,0,1,1,1,0,1,1,0,0,0,1,0,0,0,0,0,1,1,1,0
T0294,0,0,1,0,0,0,0,1,0,0,1,1,0,0,0,1,0,0,0,0
T0295,1,0,0,0,0,0,0,0,0,0,0,0,0,1,0,1,0,0,0,0
T0296,0,0,1,0,1,0,0,0,1,1,0,0,0,0,0,1,0,0,1,0
T0297,1,0,1,0,1,0,0,0,0,0,1,0,1,0,0,0,0,1,1,1
T0298,0,1,1,0,0,0,0,1,0,0,1,1,0,0,1,0,0,0,0,0
T0299,0,0,0,0,0,0,0,1,0,0,0,1,0,0,1,0,1,1,0,0
T0300,0,1,0,1,1,1,0,0,0,0,1,0,0,0,1,0,0,0,0,1
T0301,0,1,0,0,1,0,0,1,0,1,0,0,0,0,0,0,1,0,0,1
T0302,0,0,0,1,1,1,0,1,0,1,0,0,0,1,0,1,0,0,1,0
T0303,0,1,0,1,0,0,1,0,0,0,0,0,0,0,0,0,0,0,0,0
T0304,0,0,0,0,1,0,0,0,1,1,0,0,1,0,0,1,0,0,0,0
T0305,0,0,0,1,1,0,0,1,0,1,0,0,0,0,1,0,1,0,1,0
T0306,0,0,0,0,1,1,0,1,1,0,0,0,0,0,1,0,0,0,1,0
T0307,1,1,1,0,0,0,0,0,1,1,0,0,0,1,1,1,0,0,0,0
T0308,0,0,1,0,0,1,0,0,0,0,0,0,1,1,1,1,0,0,1,0
T0309,1,0,1,0,1,0,0,0,1,1,1,0,1,0,0,0,0,1,1,0
T0310,0,1,1,0,1,0,0,1,1,1,0,0,0,0,0,1,1,0,1,1
T0311,0,0,0,0,1,0,1,0,0,1,0,1,0,0,0,0,1,0,0,1
T0312,0,0,1,0,1,0,1,0,0,0,0,0,0,1,0,0,0,0,0,0
T0313,0,1,0,0,0,0,1,0,0,1,0,1,0,1,0,0,0,0,0,1
T0314,1,0,1,0,0,0,0,1,0,0,0,0,1,0,0,0,1,0,0,1
T0315,0,0,0,0,1,0,0,0,0,0,1,0,0,0,0,0,0,1,0,0
T0316,0,0,0,0,0,0,0,0,0,0,0,0,0,1,1,0,0,0,0,1
T0317,0,0,0,0,1,1,0,0,0,1,1,0,0,0,1,0,1,1,0,1
T0318,1,0,0,0,0,1,1,0,0,0,1,0,1,0,0,0,0,0,0,0
T0319,1,0,1,0,0,0,0,1,0,0,0,0,0,0,1,1,0,0,0,0
T0320,0,0,1,1,0,0,0,0,1,0,1,0,0,0,0,1,0,0,0,0
T0321,0,0,1,0,1,0,0,0,0,0,1,0,0,0,1,0,0,0,0,0
T0322,0,0,1,1,0,1,0,0,1,0,0,0,0,0,0,0,0,1,1,0
T0323,1,1,0,1,0,0,0,0,1,0,0,0,0,0,0,1,0,0,1,0
T0324,1,0,0,1,0,1,0,1,0,0,0,0,0,0,0,0,0,1,0,1
T0325,0,0,0,1,1,0,0,0,0,0,0,1,0,1,0,1,0,1,1,0
T0326,1,1,0,1,1,0,0,0,0,0,1,0,0,0,0,1,0,0,0,1
T0327,1,1,0,1,1,0,1,0,0,0,0,0,0,1,1,1,0,0,0,0
T0328,1,0,0,1,0,1,0,0,1,0,0,0,0,1,0,0,0,1,0,0
T0329,1,0,1,0,1,0,0,0,0,0,0,1,1,0,1,0,0,1,0,0
T0330,0,0,0,1,0,0,0,1,1,0,0,0,0,0,0,1,1,1,0,0
T0331,0,0,0,0,0,1,1,0,0,0,0,0,1,1,1,0,1,0,0,0
T0332,1,0,0,0,0,1,0,0,0,0,0,1,0,0,0,0,0,0,1,0
T0333,0,0,0,0,1,0,0,0,0,0,1,0,0,1,1,0,1,0,1,1
T0334,0,0,0,0,0,0,0,0,1,1,0,0,1,1,1,0,0,1,0,0
T0335,0,1,0,0,0,1,0,0,0,1,0,1,0,0,0,0,0,0,0,1
T0336,0,0,0,0,0,0,0,0,0,0,1,1,0,0,0,0,1,0,1,1
T0337,0,1,0,0,0,1,0,1,0,0,0,1,0,0,1,0,0,1,1,0
T0338,1,1,0,0,0,0,0,1,0,0,1,0,0,1,1,0,0,0,0,1
T0339,1,1,1,1,0,0,0,1,0,0,1,0,0,1,0,1,0,0,0,1
T0340,0,0,0,0,0,0,0,0,0,0,0,0,0,0,0,1,0,0,1,0
T0341,1,1,1,0,0,0,0,0,0,0,0,1,1,0,0,1,1,0,0,0
T0342,0,0,0,0,1,0,1,1,0,0,0,1,0,0,0,1,0,0,1,0
T0343,0,1,1,1,0,1,0,0,0,1,1,0,0,0,1,0,0,1,0,0
T0344,1,0,0,1,0,0,0,1,0,0,0,1,0,0,0,0,1,1,0,1
T0345,0,1,0,0,0,0,1,0,1,0,0,0,0,0,0,0,0,1,0,0
T0346,1,1,1,0,1,1,1,0,0,0,0,0,1,1,1,1,0,0,0,0
T0347,0,1,1,0,0,1,0,0,0,0,0,1,0,1,0,0,0,0,0,0
T0348,0,0,0,1,0,0,1,1,0,1,0,0,0,1,0,0,0,0,0,0
T0349,0,0,0,0,1,1,0,0,0,0,1,0,1,0,0,0,0,0,0,1
T0350,1,0,0,0,0,0,0,0,1,1,0,1,1,1,0,0,0,0,0,0
T0351,1,1,0,0,0,0,0,1,1,1,1,0,1,1,0,0,1,1,0,0
T0352,0,0,0,0,0,0,1,0,0,1,0,1,0,0,0,0,1,0,0,0
T0353,0,0,0,1,0,0,0,1,1,0,0,0,0,0,0,1,0,1,0,0
T0354,0,0,0,0,1,0,1,0,1,1,0,0,0,1,0,1,0,0,0,0
T0355,0,0,0,0,0,1,0,0,0,1,1,0,0,1,0,0,0,1,1,0
T0356,1,1,0,0,1,1,1,1,0,0,0,0,0,1,0,0,0,1,0,0
T0357,0,1,0,0,0,0,1,1,0,0,1,0,0,1,0,0,0,0,0,1
T0358,0,1,0,1,0,0,0,1,0,0,0,1,0,0,1,0,0,0,0,0
T0359,0,0,0,0,0,1,0,0,1,1,0,0,0,0,1,0,0,0,1,0
T0360,1,0,0,0,1,0,0,0,0,0,0,0,0,1,0,0,1,0,0,0
T0361,0,1,0,1,0,1,1,0,0,0,0,1,1,0,1,0,0,0,0,0
T0362,0,1,1,0,0,0,0,1,0,0,1,0,1,0,0,0,0,0,0,0
T0363,0,0,1,0,1,1,0,0,1,0,0,0,1,0,0,0,1,1,0,0
T0364,1,1,0,1,0,1,1,0,0,0,0,0,0,1,0,0,0,1,0,0
T0365,0,1,1,0,1,0,0,1,0,0,0,1,1,0,1,0,1,0,0,0
T0366,1,0,1,0,1,0,0,1,0,1,0,0,0,0,1,0,1,0,0,0
T0367,1,0,0,0,1,1,1,0,1,0,1,0,0,0,0,1,1,1,0,0
T0368,0,0,0,0,0,1,0,0,0,0,0,1,0,0,1,0,0,0,1,0
T0369,0,0,0,0,0,0,0,0,1,0,0,0,1,0,1,1,0,0,0,1
T0370,0,1,0,0,0,0,1,0,1,0,0,1,0,0,1,1,1,0,0,1
T0371,1,0,0,0,0,1,0,0,1,0,0,0,1,0,0,0,0,1,1,0
T0372,1,0,0,0,0,0,1,0,0,0,1,0,1,1,1,0,1,1,1,1
T0373,0,1,1,0,0,0,0,1,0,1,0,0,1,0,0,0,0,0,1,1
T0374,0,0,0,0,0,0,0,0,0,0,0,1,0,0,0,0,0,1,0,0
T0375,0,1,0,0,0,0,0,0,0,0,1,0,0,0,0,1,1,0,1,0
T0376,0,0,1,1,0,0,0,0,0,0,0,0,1,1,0,0,1,1,0,1
T0377,0,0,0,0,0,0,0,0,0,1,1,1,1,0,0,0,0,0,0,0
T0378,1,1,0,0,1,1,0,1,0,0,0,0,0,0,0,0,1,0,0,0
T0379,0,0,1,0,0,0,0,1,0,1,0,0,1,0,1,1,0,0,0,0
T0380,0,0,1,1,0,0,0,0,0,1,1,0,0,0,1,0,1,1,0,1
T0381,0,1,0,0,0,0,1,0,0,1,0,1,0,0,1,0,0,0,0,0
T0382,0,0,1,0,0,0,0,0,0,0,0,0,0,0,0,1,0,0,1,1
T0383,0,0,0,1,1,0,0,1,0,0,1,1,1,0,0,0,0,0,0,0
T0384,1,0,0,0,0,1,0,0,0,0,0,0,0,0,0,0,0,0,1,1
T0385,0,0,0,0,1,0,0,0,0,0,1,0,1,0,0,0,0,0,0,1
T0386,0,0,0,0,1,1,0,0,0,0,1,0,1,0,1,0,1,0,0,0
T0387,0,0,1,0,0,1,1,0,0,0,0,1,1,0,1,0,0,1,0,1
T0388,0,1,0,0,0,0,1,0,0,0,1,0,1,0,1,0,1,0,0,1
T0389,0,1,0,0,0,0,1,0,1,0,0,0,1,0,0,1,0,0,0,0
T0390,0,1,0,1,0,0,0,0,1,0,0,1,0,0,0,1,0,1,1,1
T0391,1,1,0,0,1,1,0,0,1,1,1,1,1,0,1,0,1,0,0,0
T0392,0,0,0,0,0,0,0,0,0,1,1,0,1,0,1,0,0,0,0,0
T0393,0,0,1,0,0,0,0,0,1,1,0,0,0,1,0,0,0,1,1,1
T0394,1,1,1,0,0,0,1,0,0,1,0,1,0,0,0,0,0,0,0,1
T0395,1,0,0,0,1,0,1,0,0,0,1,0,0,0,0,0,0,0,1,0
T0396,0,1,1,0,1,0,1,0,0,0,0,0,0,1,1,1,0,1,1,0
T0397,0,0,1,1,0,1,0,0,0,1,0,0,0,0,1,1,0,0,0,0
T0398,0,0,0,1,0,1,0,0,0,1,0,1,0,1,0,0,0,0,1,1
T0399,0,0,1,0,0,1,1,1,0,0,0,0,1,0,0,1,0,0,0,0
T0400,1,1,0,1,0,0,0,0,0,0,0,1,1,0,1,1,1,0,0,1
T0401,0,0,1,0,0,0,0,1,0,1,0,0,0,1,0,0,0,0,0,0
T0402,0,0,0,0,1,0,0,1,0,0,0,0,1,1,0,1,1,0,0,0
T0403,0,1,1,0,0,1,0,1,0,1,1,1,0,0,0,0,0,1,0,0
T0404,0,1,0,1,0,1,0,0,0,0,0,0,0,0,0,1,0,0,0,0
T0405,0,1,1,1,0,0,0,0,1,0,0,0,0,0,0,0,1,1,0,0
T0406,0,0,0,1,0,0,1,0,0,0,0,0,0,0,0,1,0,1,1,0
T0407,1,0,1,0,1,1,1,0,0,1,0,0,0,0,0,1,0,0,0,1
T0408,1,0,0,0,0,1,0,0,0,1,0,0,1,0,0,1,0,0,0,0
T0409,0,1,0,0,0,0,1,0,0,1,0,0,0,1,0,1,1,0,1,1
T0410,1,1,1,0,1,1,1,0,0,0,0,0,0,1,0,0,0,1,0,1
T0411,1,0,0,0,0,1,1,1,0,1,1,0,1,0,0,0,0,0,1,0
T0412,0,1,1,0,0,0,0,1,0,0,1,0,0,0,1,0,0,0,0,1
T0413,0,0,1,0,0,0,1,0,0,0,0,0,1,0,0,0,1,0,0,0
T0414,1,1,0,1,0,1,0,0,0,0,0,1,1,0,0,0,0,0,0,1
T0415,0,0,0,0,0,0,0,1,1,0,0,0,1,1,0,0,0,0,1,0
T0416,0,1,0,1,1,1,1,0,0,0,0,1,1,0,0,1,0,0,0,0
T0417,1,0,1,0,1,0,1,0,0,0,0,0,0,0,0,0,0,0,0,0
T0418,0,0,1,0,0,0,0,1,0,0,0,1,0,0,1,0,1,0,1,1
T0419,0,1,1,0,0,0,0,0,0,1,1,0,0,0,0,0,1,1,0,0
T0420,0,1,0,0,1,0,0,0,0,1,0,1,0,0,0,0,0,0,0,0
T0421,0,0,0,0,0,1,1,1,0,0,0,0,0,0,1,1,0,0,0,1
T0422,0,1,1,1,1,0,1,0,0,1,1,0,1,0,0,1,0,1,0,0
T0423,1,1,0,0,1,0,0,0,1,0,0,1,0,0,0,1,0,0,0,0
T0424,0,0,1,0,0,1,0,0,1,1,1,1,0,1,0,0,1,0,0,0
T0425,1,1,0,0,0,0,1,0,1,1,0,1,0,0,1,0,0,0,1,0
T0426,0,0,1,0,1,0,1,0,0,1,1,0,0,0,0,1,0,0,0,0
T0427,0,0,1,0,0,1,0,0,0,0,0,1,0,0,0,0,1,0,0,0
T0428,0,0,0,0,0,0,0,0,0,1,0,1,0,0,0,0,1,0,0,0
T0429,1,0,0,0,0,0,0,0,0,1,0,0,1,1,0,1,0,1,0,1
T0430,1,0,0,1,0,0,0,0,0,0,0,1,0,0,0,0,0,0,0,0
T0431,0,0,0,1,0,0,0,1,0,0,0,0,0,1,1,0,0,1,1,1
T0432,0,1,0,0,1,0,1,0,1,0,0,1,1,0,1,0,0,0,0,0
T0433,0,0,1,1,0,0,0,1,0,1,1,0,1,0,0,0,0,1,1,0
T0434,0,0,1,0,0,0,0,1,1,0,0,1,0,1,1,0,1,0,0,1
T0435,1,0,1,0,0,0,0,1,1,1,0,0,1,1,0,0,0,0,0,0
T0436,0,0,0,1,1,0,0,0,1,0,0,1,0,0,0,0,0,0,0,0
T0437,0,0,1,0,0,0,0,1,0,1,1,0,1,0,0,0,0,1,1,0
T0438,0,0,0,1,0,0,1,1,1,1,0,1,1,1,0,0,1,0,1,0
T0439,1,0,0,0,1,0,0,1,0,1,1,1,0,0,0,1,0,1,0,0
T0440,1,0,0,0,0,0,0,0,1,0,0,1,1,0,0,0,1,0,1,0
T0441,0,1,0,0,0,0,0,0,1,1,1,0,0,0,0,0,0,0,0,0
T0442,1,0,1,1,0,0,0,0,0,1,0,0,0,0,0,1,0,0,0,1
T0443,0,0,1,0,1,0,0,0,0,1,0,0,1,0,0,1,1,1,0,0
T0444,0,0,0,0,1,0,0,0,0,0,0,1,0,1,0,1,1,0,0,1
T0445,0,0,1,0,0,0,0,0,0,1,1,0,0,0,1,1,0,0,1,0
T0446,0,0,0,0,0,0,0,0,0,0,0,0,0,1,1,0,0,0,0,0
T0447,0,1,0,0,1,0,0,1,1,0,0,1,1,0,0,0,1,0,0,0
T0448,0,0,0,0,0,0,0,0,1,0,1,0,1,0,0,0,0,0,0,0
T0449,1,0,0,1,0,0,0,0,0,1,1,0,1,1,0,0,0,0,0,0
T0450,0,0,0,0,1,0,0,0,0,0,1,1,0,0,1,0,1,0,1,0
T0451,0,0,0,0,0,0,0,0,0,0,1,0,1,1,1,1,1,0,1,0
T0452,1,0,0,0,0,0,0,1,0,0,0,0,0,0,0,0,1,0,0,1
T0453,1,0,0,1,0,1,0,0,0,0,0,0,1,0,0,0,0,1,1,1
T0454,0,0,0,0,0,0,1,0,1,1,0,0,0,0,0,0,0,0,0,1
T0455,0,0,0,0,0,1,0,0,1,0,0,1,0,0,0,0,1,1,0,0
T0456,0,0,0,0,1,1,1,0,1,0,0,0,0,0,0,0,0,0,0,0
T0457,0,0,0,0,0,0,0,0,0,0,1,0,0,1,0,0,0,0,0,0
T0458,0,1,0,0,0,0,0,0,0,0,0,0,1,0,1,1,0,0,0,0
T0459,0,0,0,0,0,0,0,1,1,1,1,0,1,1,1,1,1,0,0,1
T0460,0,0,1,0,0,0,0,1,0,0,0,1,0,0,0,1,0,0,0,0
T0461,0,0,0,0,0,1,0,0,0,0,0,0,1,0,1,0,0,0,0,1
T0462,1,0,0,1,0,0,0,0,0,0,0,1,0,0,0,0,1,1,0,0
T0463,0,0,0,0,0,0,0,0,1,0,1,0,1,0,0,0,1,1,0,1
T0464,0,0,0,0,0,1,1,1,1,1,0,0,0,0,0,0,1,0,1,1
T0465,0,0,0,1,0,0,0,0,0,1,0,0,0,0,0,0,0,0,0,1
T0466,1,0,0,0,0,1,1,0,1,0,1,0,0,0,0,1,0,0,0,0
T0467,1,0,0,0,1,0,0,1,0,0,0,0,0,0,0,1,0,0,0,0
T0468,0,0,0,0,1,0,0,0,0,0,1,0,0,1,1,0,0,1,0,0
T0469,0,0,0,1,1,0,0,0,0,0,0,1,1,0,1,1,0,0,0,1
T0470,1,0,0,0,0,0,0,1,0,0,0,0,1,0,0,1,1,0,0,1
T0471,0,1,0,0,1,0,1,0,1,0,1,0,0,1,0,1,0,1,0,0
T0472,0,0,0,0,0,0,1,0,0,0,0,1,0,1,1,1,0,1,1,0
T0473,1,1,1,0,0,1,0,0,0,0,0,0,1,1,0,1,0,0,0,0
T0474,0,1,0,0,0,0,0,0,0,0,0,0,0,1,0,0,0,0,1,1
T0475,1,1,0,0,0,0,1,1,1,0,0,1,0,1,0,0,0,0,0,1
T0476,0,0,0,0,0,0,1,0,1,1,0,0,1,0,0,1,0,0,0,0
T0477,0,0,0,0,1,0,0,1,0,0,1,0,0,0,0,0,0,0,1,0
T0478,1,0,0,0,0,1,1,1,0,0,1,0,0,0,0,0,1,0,0,0
T0479,0,1,0,0,0,0,0,0,0,0,0,1,1,1,0,0,0,0,1,1
T0480,1,0,1,1,0,0,1,0,0,0,0,1,0,0,1,0,0,0,1,0
T0481,1,0,1,1,0,0,0,0,1,0,0,1,0,1,0,0,0,0,0,1
T0482,0,1,0,0,0,0,0,0,1,0,1,0,1,0,1,1,0,1,0,1
T0483,0,0,0,1,0,0,0,0,0,1,1,1,1,1,0,0,0,1,0,0
T0484,0,1,1,1,0,0,1,1,0,0,0,0,0,1,0,0,0,1,0,0
T0485,0,1,0,0,0,0,1,1,0,0,0,0,0,0,0,0,1,0,0,0
T0486,0,1,0,0,0,1,1,0,0,0,1,0,1,1,0,0,1,1,1,0
T0487,0,0,0,0,1,0,0,1,1,1,1,0,0,0,0,0,0,1,0,0
T0488,1,1,0,0,1,0,0,0,1,0,0,1,0,0,1,1,1,0,1,0
T0489,0,1,0,0,0,1,0,0,0,1,0,0,1,0,0,0,0,0,0,0
T0490,0,0,0,0,0,0,1,1,0,1,1,0,1,1,0,0,0,0,0,0
T0491,0,1,1,0,0,0,0,0,0,0,1,0,1,0,0,0,0,0,0,0
T0492,0,0,0,1,0,0,0,0,0,0,0,0,1,0,1,1,0,1,0,0
T0493,0,0,1,0,1,0,0,0,0,0,0,0,1,0,0,0,1,0,0,1
T0494,0,0,0,0,0,1,0,1,0,1,1,0,1,1,0,1,1,0,0,0
T0495,0,0,0,0,1,0,0,0,1,1,0,1,0,0,0,1,0,0,0,1
T0496,1,0,1,0,0,0,0,1,1,1,0,0,1,0,0,0,1,1,1,0
T0497,1,0,0,0,0,1,0,0,0,0,0,1,1,1,0,1,0,0,0,0
T0498,0,1,1,0,1,1,0,1,0,0,0,0,0,1,1,0,0,0,0,1
T0499,0,0,0,0,0,0,0,1,0,1,1,0,0,1,0,1,0,0,0,0
T0500,0,0,0,0,0,0,0,1,1,0,0,0,0,0,1,0,0,0,0,1
T0501,0,0,1,0,0,0,1,0,0,0,0,0,0,0,0,1,1,1,1,1
T0502,1,1,0,1,0,1,0,0,0,0,1,0,0,0,0,0,0,1,0,1
T0503,0,1,1,0,0,0,1,1,0,0,0,0,0,0,0,0,0,0,0,0
T0504,1,1,0,1,1,0,0,0,0,0,0,0,0,0,0,1,1,0,1,0
T0505,0,0,0,0,1,0,0,0,0,1,1,1,0,0,0,0,0,0,1,1
T0506,0,0,0,0,0,1,1,0,0,1,1,1,0,0,1,1,1,0,1,0
T0507,1,1,0,0,1,0,0,0,0,0,0,1,0,0,1,1,1,0,0,0
T0508,1,0,0,0,0,0,0,0,0,0,0,1,1,1,0,0,1,1,0,0
T0509,0,0,0,0,0,1,0,0,0,0,0,1,0,1,1,1,0,0,0,0
T0510,0,0,0,0,0,0,0,0,1,1,0,0,1,0,1,0,0,0,1,1
T0511,0,1,0,0,1,1,0,1,1,0,0,0,1,0,0,0,0,0,0,1
T0512,0,0,0,1,1,0,0,0,1,1,0,0,0,0,0,0,0,0,0,1
T0513,0,1,0,0,1,0,1,0,0,1,0,1,1,0,0,1,0,0,0,1
T0514,0,0,0,0,0,1,0,0,0,0,0,0,0,1,0,0,0,0,0,0
T0515,0,0,0,0,1,1,0,1,0,1,0,1,0,0,0,0,0,0,1,0
T0516,0,0,1,0,1,0,0,1,0,0,0,1,0,1,0,0,0,1,0,1
T0517,0,1,0,1,1,1,0,1,0,0,0,0,1,0,1,0,1,0,0,0
T0518,1,0,1,0,0,0,0,0,0,0,0,0,1,0,0,1,0,0,1,0
T0519,0,0,0,0,1,0,0,0,0,0,0,0,0,0,0,0,1,0,0,0
T0520,0,0,1,0,0,1,1,0,0,0,0,0,0,0,1,0,0,0,0,0
T0521,1,1,1,1,0,1,1,0,0,1,0,0,1,1,0,0,0,1,0,0
T0522,1,0,0,0,0,0,0,0,1,0,1,1,0,0,0,0,1,0,0,0
T0523,0,0,0,0,1,0,0,0,0,0,0,0,0,0,0,0,1,0,1,0
T0524,0,0,0,0,1,0,0,0,0,0,0,0,0,1,0,0,1,1,0,0
T0525,1,0,0,1,1,0,1,0,0,0,1,1,1,1,0,1,0,0,1,1
T0526,1,1,0,0,0,0,0,0,0,1,1,0,0,0,0,0,0,0,0,0
T0527,0,0,0,0,0,0,0,1,0,1,0,0,0,1,0,0,0,1,0,0
T0528,1,0,0,0,0,0,0,0,1,1,0,0,0,0,0,0,1,0,0,0
T0529,1,0,1,1,1,0,0,0,0,0,0,0,1,0,0,0,0,0,1,0
T0530,0,0,0,0,0,0,1,0,0,1,0,0,0,1,0,0,0,0,1,0
T0531,1,1,0,0,0,1,0,0,0,0,0,0,1,0,0,0,0,0,1,1
T0532,0,1,0,0,0,0,0,0,1,0,0,0,1,0,0,0,0,0,0,1
T0533,0,0,0,0,1,1,0,0,0,0,0,0,0,0,0,0,0,0,0,0
T0534,0,1,0,0,0,1,1,1,0,1,0,1,1,1,1,0,0,0,1,1
T0535,0,0,1,0,0,1,0,1,0,1,0,1,0,1,0,0,0,0,0,0
T0536,1,0,1,0,1,0,0,0,0,1,0,1,0,0,0,1,1,1,1,1
T0537,0,1,0,0,0,0,0,0,1,0,0,0,0,0,0,1,0,0,1,1
T0538,1,0,1,0,0,0,0,0,0,1,0,0,0,0,1,0,1,0,0,0
T0539,1,0,0,1,0,0,0,0,0,0,0,0,0,1,1,1,0,0,0,1
T0540,0,0,0,0,0,1,1,1,0,0,0,0,0,1,1,0,0,0,0,1
T0541,0,0,1,0,0,1,1,0,0,0,0,0,1,0,0,0,0,0,1,0
T0542,0,1,0,1,0,0,1,0,0,0,1,1,0,1,0,0,0,0,0,0
T0543,0,0,0,1,1,0,0,0,0,1,0,0,0,0,1,0,0,1,0,0
T0544,0,0,1,0,1,0,1,0,0,0,1,0,0,1,0,0,0,0,1,0
T0545,0,1,0,0,0,0,1,1,0,1,0,1,0,0,0,1,1,1,1,0
T0546,0,0,0,0,0,0,0,0,0,1,1,0,1,0,0,1,1,0,0,1
T0547,0,0,0,1,0,1,0,0,0,0,0,0,1,0,0,1,0,1,1,1
T0548,0,0,0,0,0,0,1,0,1,0,1,0,1,1,0,0,0,0,0,0
T0549,0,0,0,0,0,1,1,0,0,1,0,0,1,0,0,0,0,0,0,0
T0550,0,0,0,0,1,1,1,1,0,0,0,0,0,0,0,0,0,0,1,0
T0551,0,1,0,0,1,0,0,0,0,0,0,0,0,1,0,0,0,0,0,0
T0552,0,1,0,0,0,0,1,0,0,1,1,1,0,0,0,0,0,1,0,0
T0553,0,0,0,0,0,0,1,0,0,1,1,1,0,0,0,0,0,0,1,0
T0554,0,1,0,0,1,1,1,0,0,0,1,0,0,1,0,0,0,1,1,0
T0555,0,0,0,0,0,0,0,0,0,0,0,0,1,0,0,0,0,0,0,0
T0556,1,0,0,0,0,1,0,0,1,0,0,1,1,0,0,0,0,0,0,0
T0557,0,1,0,0,1,0,0,0,0,0,0,1,0,0,0,1,0,0,0,0
T0558,0,0,1,0,1,0,0,0,0,0,1,0,0,0,0,0,0,1,0,0
T0559,1,0,0,0,0,0,1,1,0,1,0,0,0,0,0,0,0,0,0,1
T0560,0,0,0,0,0,0,1,0,1,0,0,1,1,0,1,1,0,0,0,0
T0561,1,0,0,0,0,0,0,1,1,0,1,0,0,1,0,1,0,0,0,0
T0562,1,0,0,0,0,0,0,0,1,0,0,0,1,0,1,0,0,0,0,1
T0563,1,0,1,0,1,0,0,0,0,0,0,0,0,0,0,0,1,0,0,1
T0564,1,0,0,0,0,0,0,1,0,1,1,1,0,1,1,0,1,0,0,0
T0565,1,1,0,1,0,1,0,0,0,0,0,0,0,0,1,1,0,1,0,1
T0566,0,1,0,1,1,1,0,1,0,1,1,0,0,0,0,0,0,0,0,0
T0567,0,0,1,1,0,0,0,1,0,1,0,1,0,0,1,0,0,1,0,0
T0568,0,1,0,0,0,0,0,1,1,0,0,1,1,0,0,1,1,0,0,0
T0569,0,0,0,0,1,0,0,0,0,0,0,1,0,0,0,0,0,0,1,1
T0570,0,0,0,0,1,0,1,0,0,0,1,1,0,0,0,1,0,0,0,0
T0571,1,0,0,0,0,0,1,0,0,0,1,0,1,1,0,0,0,0,0,0
T0572,0,1,0,0,0,0,1,0,1,0,1,0,0,0,0,0,0,0,0,0
T0573,1,0,1,0,0,0,0,0,1,0,1,0,1,0,0,1,0,0,0,0
T0574,1,1,0,0,0,1,1,0,1,0,1,1,0,0,0,1,0,0,0,0
T0575,0,0,0,0,1,0,0,0,0,0,0,1,0,0,0,0,1,0,1,0
T0576,0,0,0,0,0,0,0,1,0,0,1,0,0,0,0,0,0,1,0,0
T0577,0,1,1,1,0,0,1,0,0,0,0,1,0,1,0,0,0,0,0,0
T0578,0,1,0,0,0,0,0,0,0,0,1,0,0,0,0,0,0,0,1,0
T0579,0,1,0,0,0,1,1,0,1,0,1,0,1,1,0,1,0,0,0,0
T0580,1,1,0,0,0,0,0,1,0,0,0,0,0,1,0,0,0,1,1,0
T0581,0,0,0,0,0,0,0,1,1,0,0,1,1,0,1,0,0,1,0,1
T0582,0,1,1,1,1,1,0,0,0,0,0,0,0,0,0,0,0,0,0,0
T0583,0,0,0,0,1,1,0,0,1,0,0,0,1,1,0,0,0,0,0,1
T0584,0,0,0,0,0,0,0,0,0,1,0,1,1,0,1,1,0,0,0,1
T0585,1,1,0,1,0,0,1,0,0,0,1,0,0,0,1,0,0,0,0,1
T0586,1,0,1,0,1,0,0,0,0,0,0,1,0,0,1,0,1,0,1,0
T0587,1,0,0,0,0,0,1,0,1,1,0,1,0,0,0,0,0,0,0,1
T0588,0,0,0,0,0,1,1,1,1,1,0,0,0,1,0,0,0,0,0,0
T0589,0,1,0,1,0,0,1,1,1,1,1,1,1,1,0,0,1,0,0,0
T0590,1,0,0,0,0,0,0,0,0,0,0,1,0,1,0,0,1,0,1,0
T0591,1,0,0,0,0,1,0,1,1,1,0,0,1,1,1,0,0,1,0,0
T0592,0,0,0,0,0,1,0,0,1,1,0,0,0,0,0,1,0,0,1,1
T0593,1,0,0,0,0,1,0,0,0,0,1,0,0,0,0,1,0,0,0,0
T0594,0,1,0,0,0,1,1,1,0,0,0,0,0,0,0,0,0,0,0,0
T0595,0,1,1,1,0,1,1,1,0,0,0,1,1,0,0,1,1,0,0,1
T0596,1,0,0,0,0,0,0,0,0,1,0,0,1,0,0,0,0,0,1,0
T0597,0,1,1,0,1,0,1,1,0,1,0,0,1,1,0,1,0,0,1,0
T0598,1,1,1,0,0,0,0,1,0,0,0,1,1,0,0,0,0,0,0,0
T0599,0,0,0,1,0,0,0,1,1,0,1,0,0,0,1,0,0,0,0,1
T0600,1,1,0,1,0,0,1,1,0,0,1,1,0,1,0,1,0,0,0,0
T0601,0,1,1,0,0,0,0,0,0,0,0,0,0,0,1,0,1,0,1,1
T0602,0,0,0,0,0,1,0,0,0,0,0,0,0,0,0,0,1,0,0,1
T0603,0,0,0,0,0,1,0,0,0,1,1,0,0,0,0,0,0,0,1,0
T0604,0,0,0,0,0,0,0,0,0,0,0,0,1,0,0,0,1,0,1,0
T0605,0,0,1,1,1,1,0,0,0,0,1,1,1,0,0,1,1,0,0,0
T0606,0,1,0,0,0,0,0,1,0,1,1,0,1,0,0,1,0,0,0,0
T0607,0,0,0,0,0,0,1,0,0,0,0,1,1,1,1,0,0,0,1,0
T0608,0,0,0,1,0,0,1,1,1,1,0,0,1,0,0,1,1,1,0,1
T0609,0,0,0,1,0,0,0,0,0,0,0,0,1,0,0,0,1,0,0,1
T0610,1,0,0,0,1,0,0,0,0,0,0,1,0,0,0,0,0,1,1,0
T0611,0,0,1,0,1,1,0,0,0,1,0,0,0,0,0,0,0,0,1,0
T0612,1,1,1,0,0,0,0,1,0,1,0,0,1,1,0,0,0,0,0,0
T0613,1,1,0,0,1,1,1,1,1,0,0,0,0,0,0,0,0,0,0,0
T0614,0,0,0,1,0,0,1,0,0,1,0,1,0,0,0,0,0,0,0,0
T0615,0,0,1,0,1,0,0,1,1,1,0,0,0,0,1,0,0,0,1,0
T0616,0,0,0,0,0,1,0,0,1,0,0,0,0,0,0,1,0,1,1,0
T0617,0,0,1,0,1,0,0,1,0,1,0,0,0,0,0,1,1,0,0,1
T0618,0,0,0,0,0,0,1,0,1,1,0,0,1,0,0,1,0,0,1,0
T0619,0,0,0,1,0,1,0,0,1,0,1,0,0,1,0,0,1,0,0,0
T0620,0,0,0,0,0,1,0,0,0,1,0,0,0,0,0,0,0,1,0,1
T0621,0,0,0,1,0,1,1,1,0,0,0,0,1,0,1,1,1,0,0,0
T0622,0,0,1,0,0,0,0,0,1,0,0,1,0,0,1,0,0,0,1,1
T0623,0,0,0,1,1,1,0,0,0,0,0,0,1,0,0,1,1,0,0,1
T0624,1,0,0,0,1,1,1,1,0,0,0,0,1,0,0,0,1,0,1,1
T0625,0,0,1,1,0,1,0,1,1,0,0,1,0,1,1,0,0,0,0,0
T0626,0,1,1,0,0,0,0,0,1,0,0,0,1,0,0,0,0,0,0,0
T0627,1,0,0,0,1,0,1,1,0,1,1,0,1,0,1,0,0,0,1,1
T0628,1,0,0,1,1,1,0,0,0,0,0,1,1,0,0,0,0,0,0,0
T0629,0,1,0,0,0,0,0,1,0,1,0,0,1,1,0,0,1,0,0,1
T0630,0,0,0,0,1,1,1,0,0,0,0,0,0,0,1,1,0,0,0,0
T0631,1,0,0,0,0,0,0,0,0,0,1,1,1,1,0,0,1,1,1,0
T0632,0,0,0,1,0,1,0,0,0,0,0,1,1,0,0,1,0,0,0,0
T0633,0,0,0,0,0,0,1,1,0,0,0,1,1,0,1,1,0,1,0,0
T0634,1,0,0,0,0,0,0,0,0,1,1,1,0,1,0,0,1,0,0,1
T0635,0,0,0,1,0,0,0,1,0,0,0,0,0,0,0,0,1,0,0,1
T0636,0,1,0,0,1,0,1,0,0,0,1,1,0,0,1,1,1,0,0,1
T0637,0,1,0,0,0,0,0,0,0,0,1,0,0,1,1,0,1,0,0,0
T0638,0,0,0,1,0,1,1,0,1,0,1,1,1,1,0,0,0,0,1,0
T0639,1,0,0,0,0,0,0,0,1,0,0,0,1,0,0,0,1,0,0,0
T0640,0,0,1,1,0,0,1,0,0,0,1,1,0,0,0,0,0,0,0,0
T0641,0,1,0,1,0,0,1,0,0,0,1,0,1,1,1,1,0,0,0,0
T0642,1,0,1,0,0,1,0,1,0,1,0,1,0,0,0,0,0,0,1,1
T0643,0,0,0,1,0,1,0,0,1,0,1,0,0,0,0,1,0,0,0,1
T0644,0,0,0,0,0,0,0,1,0,0,0,0,0,1,0,0,0,0,0,1
T0645,0,0,0,0,1,1,0,0,0,0,0,0,1,0,0,1,0,0,0,1
T0646,0,1,1,0,0,0,0,0,0,0,0,0,0,1,0,0,0,0,1,0
T0647,0,1,0,0,0,0,0,0,0,0,0,0,0,0,0,0,0,1,1,1
T0648,1,0,1,0,1,0,0,1,0,1,0,0,0,1,0,0,0,0,0,0
T0649,1,1,0,1,1,1,0,0,0,1,0,0,0,0,0,0,1,1,1,0
T0650,1,0,1,0,0,0,0,1,0,1,0,0,1,1,0,0,0,0,0,1
T0651,0,1,0,0,1,0,0,0,1,1,0,0,0,1,0,0,0,0,0,0
T0652,0,0,0,0,0,1,1,1,1,1,0,0,0,1,1,0,0,0,0,0
T0653,0,0,0,0,0,0,1,0,0,0,0,0,0,0,1,0,1,1,0,1
T0654,0,1,1,0,0,0,0,0,0,0,0,0,1,0,0,0,0,0,0,0
T0655,1,1,0,0,1,1,0,0,0,0,1,0,1,1,0,0,1,1,0,0
T0656,1,0,1,0,0,0,0,0,0,1,1,0,1,0,0,0,0,0,0,1
T0657,0,1,1,0,1,1,1,0,0,1,0,1,0,0,0,0,0,1,0,1
T0658,0,1,0,1,1,0,0,0,0,0,1,1,1,0,1,1,1,1,0,1
T0659,0,0,0,1,0,1,0,1,0,0,0,0,0,0,1,0,0,0,1,0
T0660,1,1,1,1,0,0,1,0,0,0,0,0,1,0,0,0,0,0,0,1
T0661,1,0,0,0,0,0,0,0,1,0,0,1,1,0,1,0,0,0,0,0
T0662,0,0,0,0,0,1,0,0,1,1,1,0,0,1,0,0,1,0,0,0
T0663,1,1,1,0,0,0,0,1,0,0,0,0,0,1,1,1,1,0,1,1
T0664,0,0,0,0,0,0,1,0,0,0,1,0,1,0,0,0,0,0,0,0
T0665,0,1,0,1,0,0,0,0,1,1,0,1,0,1,0,1,0,0,0,1
T0666,0,1,0,0,0,0,0,0,0,0,0,0,1,0,0,1,1,0,0,0
T0667,0,0,0,0,0,1,0,1,0,0,1,0,0,0,0,0,0,0,0,0
T0668,0,1,0,0,0,0,0,1,0,0,0,1,0,0,1,0,1,0,0,1
T0669,1,0,0,0,0,0,1,0,0,0,0,1,1,0,0,0,0,0,0,0
T0670,1,1,0,0,0,0,0,1,0,1,1,0,1,0,1,1,0,0,1,1
T0671,0,0,0,0,1,0,0,0,1,0,1,1,1,1,0,0,1,0,0,0
T0672,0,1,0,0,0,0,0,0,1,0,1,0,1,0,0,0,0,0,0,0
T0673,0,0,0,0,1,0,0,0,0,1,0,0,0,1,0,0,1,1,0,1
T0674,0,1,0,0,0,0,0,0,1,0,1,0,1,0,0,1,1,0,0,0
T0675,0,1,0,1,0,0,0,0,1,0,0,1,1,0,0,0,0,1,0,0
T0676,1,0,1,1,1,0,0,0,0,0,0,0,0,0,1,0,0,0,1,1
T0677,0,1,1,0,0,0,0,1,0,1,0,0,0,0,0,1,0,0,0,0
T0678,0,0,1,0,1,0,0,0,0,1,0,0,0,1,0,0,1,0,1,0
T0679,1,0,0,0,0,0,1,0,0,0,1,1,0,0,0,0,0,0,0,0
T0680,1,1,1,0,1,1,0,1,1,1,1,0,0,0,0,0,0,1,1,0
T0681,1,1,0,0,1,1,0,0,1,0,0,0,0,1,0,0,1,0,1,1
T0682,0,1,0,0,0,0,0,1,0,0,1,1,1,0,0,0,0,0,0,0
T0683,0,0,0,0,0,0,0,0,0,0,0,1,1,0,0,0,0,0,1,1
T0684,0,1,0,0,0,0,0,1,0,0,1,1,1,1,0,0,0,0,0,0
T0685,0,0,0,0,0,1,0,0,1,0,0,1,0,1,0,1,0,1,1,1
T0686,0,0,0,0,0,1,0,1,0,0,0,1,0,1,1,1,0,0,0,1
T0687,0,0,1,1,0,0,0,0,1,1,0,0,0,0,0,1,0,0,1,0
T0688,1,1,0,0,1,0,0,0,0,1,1,1,1,1,1,0,0,0,1,0
T0689,1,0,1,0,0,0,1,0,0,1,0,0,0,0,0,0,0,0,0,0
T0690,0,1,0,1,1,1,0,1,0,0,1,1,0,0,0,0,0,0,0,0
T0691,0,1,0,0,0,1,0,1,1,1,0,1,0,1,0,1,1,0,0,1
T0692,1,1,0,0,0,1,0,1,1,0,0,1,0,0,0,0,0,0,0,0
T0693,1,0,1,1,0,1,0,0,0,1,1,0,0,1,1,0,1,0,0,0
T0694,0,1,0,0,0,0,0,1,0,0,0,0,0,0,0,1,0,0,0,0
T0695,0,0,0,1,1,0,0,1,1,0,0,0,1,0,0,0,0,1,0,1
T0696,1,0,0,0,0,0,0,1,0,1,0,1,0,0,0,0,0,0,0,0
T0697,1,1,1,1,0,1,1,1,0,0,0,0,1,0,0,1,0,0,0,0
T0698,1,1,1,1,1,0,1,0,0,0,0,0,0,0,0,0,1,0,0,0
T0699,1,0,0,1,0,0,0,0,0,0,1,0,0,0,0,1,0,0,1,1
T0700,1,0,1,1,0,0,1,1,1,1,1,0,1,0,0,0,0,0,0,0
T0701,1,1,0,0,0,0,0,0,0,0,0,0,1,0,1,1,0,1,0,1
T0702,0,1,0,1,0,0,0,1,1,1,0,0,0,1,0,0,1,0,0,1
T0703,1,1,0,1,1,0,1,1,0,1,0,0,0,0,1,0,0,0,0,0
T0704,0,0,0,0,0,0,0,0,0,1,0,1,0,0,1,0,0,1,0,0
T0705,1,0,0,1,1,0,0,1,1,0,0,0,0,0,0,0,0,0,0,0
T0706,0,0,1,0,0,1,0,1,0,1,0,0,1,0,1,0,0,1,0,1
T0707,0,0,0,0,0,0,0,1,0,1,1,0,0,0,0,0,0,1,0,0
T0708,0,0,0,0,0,0,0,1,1,1,0,0,0,1,0,0,0,0,0,1
T0709,1,1,0,1,0,0,0,0,1,0,0,1,0,0,0,0,0,0,1,1
T0710,1,0,0,0,0,0,0,0,1,0,0,1,0,0,1,1,1,0,0,0
T0711,0,0,0,0,0,0,0,0,0,1,1,0,1,0,0,1,1,1,1,0
T0712,0,0,0,0,0,0,0,1,1,1,1,0,1,0,0,0,0,1,0,1
T0713,0,0,0,0,0,1,1,0,0,0,1,0,0,0,0,0,1,0,1,1
T0714,0,0,0,0,0,1,0,1,0,0,0,0,1,0,1,1,1,0,0,0
T0715,0,0,0,0,0,0,1,0,0,1,0,1,1,1,0,0,0,1,0,0
T0716,1,0,1,1,0,0,1,1,1,1,1,0,0,0,0,0,1,1,0,1
T0717,1,1,0,0,0,0,0,0,1,1,1,1,1,1,0,0,0,0,0,0
T0718,0,1,1,0,0,1,1,0,1,0,1,0,1,0,1,0,0,0,0,0
T0719,0,0,0,0,1,0,0,0,0,0,0,0,0,0,0,0,0,0,0,1
T0720,0,0,1,1,0,0,0,0,0,0,1,0,1,0,0,0,0,1,0,1
T0721,1,0,1,0,0,1,1,0,0,0,0,0,0,1,0,0,0,0,0,1
T0722,0,0,0,1,0,0,0,1,0,1,0,0,1,0,0,0,0,0,0,0
T0723,0,0,1,0,0,0,0,0,0,0,0,1,0,0,0,0,1,1,0,0
T0724,0,0,1,1,0,0,0,0,0,1,0,0,1,0,0,0,0,0,1,1
T0725,1,0,1,0,1,0,1,0,1,0,0,0,1,1,0,0,0,0,0,0
T0726,0,0,1,0,1,0,0,0,0,0,0,0,1,1,0,1,0,0,0,0
T0727,0,0,0,1,0,0,0,0,0,0,0,0,1,0,0,1,0,1,0,0
T0728,0,0,1,1,0,0,0,0,0,0,0,1,0,0,1,0,0,0,0,1
T0729,0,1,0,0,0,1,0,0,0,0,1,0,0,0,0,0,0,0,1,1
T0730,0,1,0,0,0,0,0,1,0,1,0,0,0,0,0,0,0,0,0,0
T0731,1,1,1,1,0,0,0,0,0,0,0,0,0,0,0,0,1,0,0,0
T0732,0,0,0,0,0,0,0,1,0,1,0,0,1,0,0,1,1,0,0,0
T0733,0,0,0,0,0,0,0,0,0,0,1,0,0,0,0,0,0,0,1,0
T0734,0,0,0,0,1,0,1,0,0,0,0,0,1,0,1,1,1,0,0,0
T0735,0,1,0,1,0,1,0,0,0,0,0,1,0,0,1,0,1,0,1,0
T0736,0,1,0,0,0,0,0,0,1,1,0,1,0,0,0,1,0,0,1,0
T0737,0,1,0,1,0,0,0,0,0,0,0,1,1,0,0,1,1,0,0,0
T0738,0,0,0,0,1,0,0,0,1,0,1,1,0,0,0,0,0,0,0,1
T0739,0,0,1,0,0,0,0,0,1,1,0,0,0,0,0,0,1,1,0,0
T0740,0,0,0,0,0,0,0,0,1,0,0,0,0,0,1,0,1,1,0,0
T0741,0,0,0,1,1,0,1,0,0,0,1,0,0,1,0,0,0,0,1,0
T0742,0,1,0,1,0,1,0,0,0,0,0,0,0,0,0,0,0,0,1,0
T0743,1,0,1,0,0,0,0,0,0,0,0,0,0,1,0,0,0,0,0,0
T0744,1,0,1,0,0,1,0,0,1,0,1,0,0,0,0,0,1,0,0,1
T0745,0,1,0,0,0,0,0,1,0,0,0,0,1,0,1,1,0,1,1,0
T0746,1,1,1,1,0,0,0,0,1,1,1,0,0,0,0,1,0,0,0,0
T0747,0,0,0,0,0,1,0,0,1,0,1,0,0,0,1,0,0,0,0,0
T0748,0,1,1,0,1,0,1,0,0,0,0,1,0,0,0,0,0,0,0,0
T0749,0,0,0,1,0,0,0,0,0,0,0,0,1,1,1,0,0,1,0,0
T0750,1,0,0,0,0,0,0,0,0,0,0,0,1,0,0,0,1,1,0,1
T0751,0,0,0,1,1,1,1,0,0,1,1,1,0,0,0,0,0,0,1,0
T0752,1,0,1,0,1,0,0,0,0,0,0,0,1,0,0,0,0,0,0,0
T0753,0,1,1,0,0,0,1,0,0,0,0,0,1,0,0,0,1,0,1,0
T0754,1,1,1,1,1,0,1,0,1,0,0,1,0,1,0,0,1,0,1,0
T0755,0,0,0,1,1,1,0,1,0,0,1,0,0,0,0,0,0,0,0,1
T0756,0,1,1,0,0,0,1,0,0,1,0,0,0,1,1,0,0,0,1,0
T0757,0,1,0,0,1,1,0,0,0,0,1,0,0,1,0,1,1,1,1,0
T0758,0,0,0,0,0,0,0,0,0,1,0,0,0,1,0,0,1,0,1,0
T0759,0,0,0,0,1,1,1,1,0,0,1,1,0,0,0,0,0,1,0,1
T0760,1,1,0,0,1,0,0,0,1,0,0,1,1,1,1,0,0,0,1,0
T0761,0,0,0,1,0,0,0,0,1,1,0,0,0,1,0,0,0,1,1,0
T0762,0,0,0,0,1,1,1,0,0,0,1,0,0,0,1,0,0,0,0,1
T0763,0,0,0,0,1,1,0,1,0,1,1,0,1,0,0,0,0,1,0,0
T0764,0,0,0,0,0,1,1,0,1,1,1,0,0,0,0,0,0,0,0,0
T0765,0,0,0,0,0,0,0,0,0,0,0,0,0,0,0,0,0,1,0,0
T0766,0,0,1,0,0,1,0,0,0,1,0,0,1,1,1,0,1,1,0,0
T0767,0,0,1,0,1,0,0,1,0,0,1,0,0,0,0,0,1,1,0,1
T0768,0,0,1,1,0,0,0,0,1,0,1,0,0,0,0,0,0,0,0,0
T0769,0,1,1,1,0,1,0,0,1,0,1,0,0,0,1,0,0,0,0,1
T0770,0,0,1,0,0,0,1,1,0,0,1,0,1,0,0,0,0,0,0,0
T0771,0,1,0,1,0,1,0,1,0,0,0,0,0,0,0,0,1,0,0,0
T0772,0,0,1,0,0,0,0,1,0,1,0,0,0,0,0,1,0,1,0,1
T0773,0,1,0,0,0,0,0,0,0,0,0,1,0,0,1,0,0,1,0,0
T0774,1,0,0,1,0,0,0,0,0,0,1,0,0,1,0,1,0,0,0,1
T0775,0,1,0,0,0,0,0,1,0,0,0,1,0,0,0,0,0,1,1,0
T0776,0,0,0,0,0,0,0,0,0,1,1,0,0,0,0,1,1,0,0,0
T0777,1,0,0,0,0,1,0,0,0,0,1,0,0,1,1,0,1,0,0,0
T0778,0,1,1,0,0,0,0,1,1,0,0,0,1,1,0,0,0,0,0,0
T0779,0,1,0,1,1,1,0,0,1,0,0,0,0,1,1,0,0,0,0,0
T0780,0,0,1,0,1,1,1,0,1,1,0,0,0,0,1,1,1,0,0,1
T0781,0,0,0,0,1,1,0,0,0,0,0,0,1,0,0,0,0,0,0,0
T0782,0,0,0,0,0,0,0,0,0,1,0,0,0,0,0,1,0,1,0,0
T0783,0,0,0,1,1,0,0,0,1,1,1,1,0,1,0,1,0,0,1,0
T0784,0,1,0,0,0,0,0,1,0,1,0,0,1,0,0,0,0,0,0,0
T0785,0,1,1,0,0,0,0,1,1,0,1,0,0,1,1,0,0,0,0,0
T0786,1,1,0,1,1,0,0,1,0,0,1,0,1,0,1,0,1,0,0,0
T0787,0,1,0,1,0,1,0,0,0,1,0,0,0,0,0,0,1,0,0,0
T0788,0,0,0,0,0,0,0,1,1,1,0,0,0,0,0,0,0,1,1,1
T0789,1,1,0,1,1,1,0,0,0,1,0,1,1,0,0,0,0,0,1,0
T0790,1,0,1,0,0,0,1,0,0,0,0,0,1,0,1,1,0,0,1,1
T0791,0,1,0,0,0,1,1,0,0,1,1,1,0,0,0,0,0,0,1,1
T0792,1,0,0,0,1,1,1,0,1,1,0,1,0,1,0,0,0,0,0,0
T0793,0,0,0,0,1,0,0,0,1,0,1,0,1,0,1,1,0,0,1,0
T0794,1,0,0,1,0,1,0,0,0,0,0,1,0,0,0,0,1,1,1,1
T0795,1,0,0,1,0,1,0,0,0,0,1,0,0,0,1,0,0,0,1,1
T0796,0,1,1,1,1,1,0,1,1,1,0,0,0,1,0,0,1,0,0,0
T0797,0,0,1,0,1,0,1,0,0,0,1,0,0,1,0,1,0,1,1,0
T0798,0,1,0,1,1,0,1,0,0,0,0,1,0,0,1,0,0,0,0,1
T0799,0,0,0,1,0,0,0,0,0,0,0,1,0,0,0,0,0,0,1,1
T0800,0,0,0,0,0,0,0,0,0,0,0,0,0,0,0,1,0,0,0,0
T0801,1,1,0,1,0,1,0,1,0,0,1,0,0,0,1,0,0,0,0,0
T0802,0,0,1,0,0,0,0,0,1,0,0,1,0,0,0,0,0,0,0,0
T0803,1,0,1,0,0,0,0,1,0,0,0,0,0,0,0,0,0,0,0,1
T0804,0,1,1,1,1,0,1,1,1,1,1,0,0,0,0,1,1,1,0,1
T0805,0,1,1,0,0,0,0,0,0,0,1,0,0,0,0,0,0,0,0,0
T0806,0,1,0,1,0,0,0,0,1,1,0,1,0,0,0,0,0,0,1,1
T0807,0,0,1,0,0,0,0,0,0,0,0,0,0,1,1,0,0,0,0,1
T0808,0,1,0,0,0,1,0,0,0,0,0,0,0,1,0,0,0,1,1,1
T0809,0,0,0,0,0,0,0,0,0,0,1,0,0,0,0,1,0,0,0,1
T0810,0,0,0,1,1,0,0,0,0,0,0,1,0,0,0,0,0,1,0,0
T0811,0,0,1,0,0,1,0,1,0,0,0,1,0,0,0,0,1,0,0,0
T0812,0,0,0,0,1,0,1,0,1,0,1,1,0,1,0,0,1,0,0,0
T0813,0,0,0,1,0,0,0,0,0,1,0,0,1,1,1,0,0,1,1,0
T0814,0,0,0,0,1,0,0,0,0,0,0,0,0,0,0,1,1,0,1,0
T0815,1,0,0,0,1,0,0,0,1,1,0,1,0,0,1,0,1,0,0,0
T0816,0,0,0,0,0,0,1,1,0,0,0,0,1,1,1,0,0,0,1,0
T0817,0,0,0,0,0,1,1,1,0,0,1,0,0,0,0,0,0,0,0,0
T0818,1,0,0,0,0,0,0,1,0,1,1,0,1,0,0,0,1,0,0,0
T0819,0,1,0,0,1,0,0,1,0,1,0,0,0,0,1,1,1,0,0,0
T0820,1,0,0,0,0,1,1,0,0,1,1,0,0,1,0,0,0,0,1,0
T0821,0,0,0,0,0,0,1,1,0,0,0,0,0,0,0,0,0,0,0,0
T0822,0,1,1,0,0,0,1,0,0,0,1,0,0,1,0,0,0,0,0,0
T0823,0,1,1,0,1,0,0,0,0,0,0,1,1,0,1,0,0,0,1,0
T0824,1,0,1,0,1,1,0,1,0,1,0,0,1,0,0,1,1,0,0,0
T0825,0,0,1,0,0,0,0,0,0,0,1,1,0,0,1,0,0,1,1,0
T0826,0,0,0,0,1,0,0,0,1,1,0,0,0,0,0,0,0,0,0,1
T0827,1,0,0,0,0,0,0,0,1,0,0,0,0,1,0,0,0,0,0,0
T0828,1,0,0,0,0,0,0,1,0,1,1,0,1,0,0,0,0,0,0,0
T0829,1,0,0,0,0,0,0,0,0,1,0,1,0,0,1,0,0,0,1,0
T0830,0,0,0,0,0,0,1,1,1,0,0,0,0,0,0,1,1,0,0,0
T0831,0,0,0,0,1,0,0,0,1,0,0,0,1,1,0,0,1,0,1,0
T0832,0,0,0,0,0,0,0,0,0,1,1,0,0,1,0,0,0,1,0,0
T0833,0,1,0,0,0,0,0,0,1,0,1,1,0,0,0,0,0,1,1,1
T0834,0,1,0,0,1,1,0,0,0,0,0,0,0,0,0,0,0,0,1,0
T0835,0,0,1,0,1,1,1,0,0,0,0,0,0,1,0,0,0,0,0,1
T0836,0,1,1,0,0,1,0,0,0,0,0,0,0,0,0,0,1,1,1,0
T0837,0,0,0,0,0,0,1,1,0,0,0,1,1,0,0,0,0,0,0,0
T0838,0,0,0,0,1,0,0,1,0,1,0,0,1,0,0,0,0,0,0,0
T0839,1,0,1,0,0,1,0,1,0,0,0,0,0,0,0,0,0,0,0,0
T0840,0,0,1,0,0,0,0,0,0,0,0,1,0,0,0,1,1,1,1,0
T0841,0,0,0,0,0,0,0,0,0,1,0,0,0,0,0,1,0,1,0,0
T0842,1,0,1,1,0,1,0,1,1,0,0,1,0,0,0,1,0,0,1,0
T0843,0,0,0,0,0,0,0,0,0,0,0,1,0,0,0,0,0,1,0,1
T0844,0,0,1,0,0,0,0,1,1,0,0,0,1,0,0,0,1,0,1,1
T0845,0,0,0,0,0,0,0,0,1,1,0,0,1,0,0,0,1,0,0,0
T0846,1,1,0,0,0,0,0,1,0,1,0,0,0,1,1,0,0,0,0,0
T0847,0,1,0,0,0,0,1,1,1,0,0,0,1,1,1,0,1,1,0,0
T0848,0,1,0,0,1,1,0,0,1,0,0,1,0,0,0,0,1,1,0,0
T0849,0,0,0,0,0,0,0,1,0,0,1,0,0,0,1,0,1,0,1,0
T0850,0,0,0,0,1,1,1,1,0,0,1,0,0,1,0,0,0,0,0,1
T0851,0,0,0,0,0,0,0,0,0,0,0,0,0,1,1,0,0,1,0,0
T0852,1,1,0,1,0,0,0,0,0,0,0,0,0,0,0,0,1,1,0,0
T0853,0,0,1,0,1,0,0,0,0,1,0,1,1,1,0,1,0,0,0,1
T0854,1,0,0,1,0,0,0,0,0,0,0,0,0,0,0,1,1,0,0,0
T0855,0,0,1,0,0,0,0,1,0,0,1,0,0,0,0,0,0,1,0,1
T0856,0,0,0,0,1,0,0,0,0,0,0,0,0,0,0,0,1,1,0,1
T0857,1,0,1,0,0,0,1,0,0,0,0,1,0,1,0,0,0,0,0,0
T0858,0,0,0,0,0,0,0,1,0,1,0,0,0,0,0,0,0,0,0,1
T0859,0,0,0,0,0,0,0,0,0,1,0,1,1,1,1,0,0,0,0,0
T0860,0,0,0,0,1,1,0,0,1,1,1,0,0,0,1,0,1,0,1,0
T0861,0,0,0,0,1,0,0,0,0,0,0,1,0,1,0,0,1,0,0,0
T0862,1,0,0,0,0,1,0,0,0,1,0,0,0,0,0,0,1,0,0,0
T0863,1,0,0,1,0,0,1,0,0,0,1,0,0,0,0,0,1,0,0,0
T0864,0,0,0,0,0,1,1,0,0,0,0,0,0,0,1,0,0,0,1,1
T0865,0,0,0,0,0,0,0,1,0,0,0,0,1,0,0,0,0,0,0,0
T0866,0,0,1,1,0,1,1,0,1,1,0,0,0,0,0,0,0,0,0,0
T0867,0,1,0,1,0,0,0,1,0,1,0,0,1,0,1,0,1,1,1,1
T0868,0,0,0,1,0,0,0,0,0,1,0,0,0,1,1,0,1,1,0,0
T0869,0,1,0,1,0,0,0,0,0,1,1,0,1,0,1,0,0,0,0,1
T0870,0,0,1,0,0,0,0,0,0,1,0,0,0,0,0,0,0,0,1,0
T0871,0,0,1,0,0,0,1,0,1,0,1,0,1,1,1,0,0,0,0,0
T0872,0,1,1,0,0,1,1,1,0,1,0,0,0,1,1,0,0,0,0,0
T0873,0,0,0,1,1,1,1,0,0,0,0,1,0,1,0,0,0,0,1,0
T0874,1,1,0,1,0,0,0,1,0,0,0,0,0,0,0,1,0,0,0,1
T0875,0,0,0,1,0,0,0,0,0,0,0,1,0,1,1,0,0,0,0,0
T0876,1,1,0,1,0,0,0,0,1,0,1,0,1,0,0,0,0,0,0,0
T0877,0,0,0,0,1,0,0,0,0,0,0,0,0,0,0,0,1,0,0,0
T0878,0,0,0,0,0,0,0,0,0,0,0,1,0,0,0,1,0,1,0,0
T0879,0,0,0,1,0,0,0,0,0,0,0,0,0,1,0,0,1,1,1,0
T0880,0,0,1,0,0,1,0,0,0,0,1,0,1,1,0,0,1,1,0,0
T0881,0,0,1,0,1,0,1,0,0,0,1,0,0,0,0,0,0,0,0,1
T0882,1,0,0,0,0,0,0,0,0,0,0,0,0,0,0,0,1,1,0,0
T0883,1,0,0,1,0,0,1,0,0,0,0,1,0,0,1,0,1,0,1,0
T0884,0,0,0,0,0,1,0,0,0,0,1,0,0,1,0,0,0,1,0,1
T0885,0,0,0,1,0,0,1,0,0,0,1,1,0,0,1,0,1,0,0,0
T0886,0,1,0,0,0,0,0,1,0,1,1,0,0,0,1,0,0,0,1,0
T0887,0,0,1,0,0,0,1,1,0,0,0,0,1,0,0,0,0,0,0,0
T0888,0,1,0,0,0,1,0,1,1,0,0,1,0,0,1,0,0,0,1,1
T0889,0,0,0,0,1,0,1,0,0,0,0,0,1,1,0,0,0,1,0,0
T0890,1,0,0,1,1,1,1,0,1,1,0,0,0,0,0,1,0,0,0,0
T0891,0,0,1,1,0,0,1,0,1,1,0,1,1,1,0,1,0,0,0,1
T0892,0,1,0,0,1,0,1,1,0,0,1,1,1,0,0,1,1,0,0,0
T0893,0,1,0,0,0,1,0,0,0,0,0,0,0,0,1,0,0,0,0,0
T0894,0,1,1,1,0,1,1,1,0,0,1,0,0,1,0,0,1,1,0,0
T0895,1,0,0,0,1,0,0,0,0,0,0,0,0,0,1,0,1,0,0,0
T0896,1,0,0,1,0,0,0,0,0,0,1,1,0,0,1,1,0,0,1,0
T0897,1,0,0,0,0,0,1,1,0,0,0,0,0,1,0,0,0,0,0,0
T0898,0,0,0,0,0,0,0,0,0,1,0,0,1,0,0,0,0,0,1,0
T0899,1,1,0,0,0,0,0,0,0,1,1,0,1,0,0,1,0,1,0,0
T0900,0,1,0,1,0,0,0,0,0,1,1,0,1,0,0,0,0,0,0,0
T0901,0,0,0,0,0,1,0,0,0,1,0,0,0,0,1,0,0,0,0,1
T0902,0,1,0,0,0,0,0,0,0,0,0,0,0,1,0,0,0,0,0,0
T0903,0,0,0,1,0,0,0,1,1,0,1,0,0,0,1,0,0,0,0,0
T0904,1,0,0,0,0,0,1,0,0,0,0,0,0,0,1,0,0,0,1,0
T0905,0,0,0,0,0,0,0,1,0,1,0,0,1,0,0,0,1,0,1,1
T0906,1,0,1,1,0,0,1,0,0,1,0,1,1,0,1,1,0,0,0,0
T0907,0,0,0,0,0,1,0,0,0,0,0,0,0,0,0,0,0,0,1,0
T0908,0,0,0,0,1,0,0,0,0,0,0,0,0,1,0,0,0,1,0,0
T0909,0,0,0,0,0,0,0,0,1,1,0,0,1,1,0,0,1,0,0,0
T0910,0,1,1,1,1,1,1,0,1,0,0,0,1,1,0,0,0,0,0,0
T0911,0,0,0,0,1,0,0,0,0,0,1,1,1,0,0,0,0,1,1,0
T0912,0,0,0,0,1,0,0,0,0,1,1,0,0,0,1,0,1,1,1,0
T0913,0,0,1,1,1,0,1,0,1,1,1,1,0,0,0,1,1,0,0,0
T0914,0,0,1,0,0,0,0,0,1,0,1,0,0,0,0,0,1,0,1,0
T0915,0,1,1,0,0,0,1,0,0,1,0,0,0,0,0,0,1,0,1,0
T0916,0,1,1,0,0,0,0,0,0,1,0,0,0,1,0,0,1,0,0,1
T0917,1,0,0,1,1,0,0,1,1,0,0,0,0,0,0,0,0,1,0,0
T0918,0,0,0,0,0,0,0,0,0,1,1,0,0,0,1,0,1,0,1,1
T0919,1,0,0,1,0,1,0,0,0,0,0,0,0,0,1,0,0,0,0,0
T0920,1,1,0,0,0,0,0,1,0,0,1,0,1,0,1,0,0,0,0,1
T0921,0,0,0,0,1,1,0,0,0,0,0,0,0,0,0,0,1,0,0,0
T0922,0,1,0,0,1,0,0,0,0,1,0,0,1,0,0,1,0,0,0,0
T0923,0,1,0,1,0,1,0,0,1,0,1,0,0,1,0,1,1,0,0,0
T0924,1,0,0,1,0,0,0,1,0,1,0,0,0,0,0,0,0,1,0,0
T0925,0,0,0,0,0,0,1,0,0,0,0,1,0,0,0,0,0,1,1,1
T0926,0,0,0,0,0,0,0,0,1,0,0,0,0,0,0,0,0,0,1,0
T0927,1,0,0,0,0,0,1,1,0,0,1,1,0,0,0,0,1,0,1,0
T0928,0,0,0,0,0,0,0,0,0,1,0,0,0,0,0,0,1,0,0,0
T0929,0,0,1,0,1,0,0,0,0,0,1,0,1,0,1,0,0,0,1,0
T0930,0,0,1,0,0,1,0,0,0,1,1,1,0,0,0,0,1,1,0,1
T0931,0,0,1,0,0,0,0,1,0,0,0,1,0,0,0,0,0,0,0,1
T0932,0,0,0,0,0,0,1,1,0,0,0,0,0,0,1,0,0,0,0,0
T0933,0,0,0,0,0,0,1,0,1,0,0,1,0,0,0,0,0,0,0,0
T0934,1,0,0,0,1,0,0,0,0,0,0,0,0,0,1,0,0,0,0,0
T0935,1,0,0,1,1,1,0,1,0,0,0,0,0,0,0,0,0,0,1,0
T0936,0,0,0,0,1,0,0,0,0,0,0,0,0,0,1,0,0,1,1,0
T0937,0,0,0,0,1,1,1,1,1,0,0,0,0,0,0,0,0,1,0,0
T0938,0,0,0,0,1,0,1,0,1,0,1,0,1,1,0,1,1,1,0,0
T0939,1,1,0,0,0,0,0,0,0,0,0,0,0,0,0,0,1,0,0,0
T0940,0,1,1,0,0,0,1,0,0,0,0,0,0,0,1,0,0,0,0,0
T0941,0,0,0,0,1,0,0,1,1,0,0,0,1,1,0,1,1,1,1,1
T0942,0,1,0,0,0,0,0,0,0,0,0,0,1,0,0,0,1,0,0,1
T0943,0,0,0,0,0,0,0,0,0,0,0,1,1,0,0,0,1,0,0,0
T0944,1,0,1,1,0,1,1,0,1,0,1,0,0,1,0,0,1,0,1,1
T0945,1,0,0,0,0,0,0,0,0,1,0,0,0,0,0,0,0,0,1,0
T0946,0,0,0,0,1,0,0,0,0,1,0,0,0,0,0,0,0,0,0,0
T0947,0,1,0,1,1,0,0,0,1,0,0,0,0,0,1,0,0,0,1,0
T0948,0,1,0,0,0,0,1,0,0,0,0,1,0,0,1,0,0,0,0,0
T0949,0,1,0,1,0,1,1,1,0,0,0,1,0,0,0,0,0,0,1,1
T0950,0,0,1,0,0,0,0,1,0,1,0,1,0,0,0,1,1,1,0,0
T0951,0,1,1,1,0,0,0,0,1,1,0,0,0,1,1,1,1,1,0,1
T0952,1,0,0,0,0,0,1,0,1,1,0,0,0,0,0,0,0,0,0,1
T0953,0,0,1,0,0,1,1,0,0,0,1,1,0,0,0,0,0,1,1,0
T0954,0,0,0,0,1,1,1,1,0,1,1,0,0,0,0,0,0,1,1,0
T0955,0,0,1,0,0,0,1,0,0,0,1,0,1,1,0,1,0,0,1,0
T0956,0,1,0,0,0,1,0,1,0,0,0,0,0,0,0,0,1,1,0,0
T0957,1,1,1,0,0,0,0,0,0,1,1,0,0,0,0,0,1,1,0,0
T0958,0,0,0,0,1,1,1,0,1,0,0,0,1,1,0,1,1,1,1,1
T0959,0,0,0,1,0,0,1,0,1,0,0,0,1,0,1,0,0,1,0,0
T0960,0,1,0,0,0,0,0,0,1,0,0,0,0,1,0,0,1,0,0,1
T0961,1,0,0,1,0,0,0,0,0,0,1,0,0,1,0,1,0,0,0,1
T0962,1,0,0,0,1,1,0,0,1,0,0,1,0,0,0,0,0,1,0,0
T0963,0,1,0,0,0,0,0,1,0,0,0,0,0,0,1,0,0,1,1,1
T0964,0,0,1,1,0,0,1,0,0,0,0,0,1,1,0,0,0,0,1,0
T0965,0,0,0,0,0,0,0,1,0,0,0,0,0,0,0,1,0,0,0,0
T0966,0,0,0,1,0,0,0,1,0,0,0,0,1,0,0,0,1,0,0,0
T0967,0,0,0,1,1,0,1,0,1,1,1,0,0,0,0,0,0,0,0,0
T0968,0,0,0,0,1,0,1,0,0,0,1,1,1,0,0,0,0,0,0,1
T0969,1,0,0,0,0,0,0,1,0,0,1,0,0,0,0,0,0,0,1,0
T0970,0,1,0,0,0,0,0,0,0,0,0,0,1,0,0,0,0,0,0,0
T0971,0,0,0,0,0,1,1,1,0,0,0,1,0,0,0,0,1,0,1,0
T0972,0,0,0,1,0,0,1,0,0,0,0,1,0,0,0,0,0,1,0,0
T0973,0,0,1,1,1,0,0,0,1,1,0,0,0,0,0,1,1,1,1,1
T0974,0,0,0,0,0,1,0,0,0,0,1,0,1,0,0,1,1,1,1,0
T0975,0,1,0,0,1,1,0,1,0,1,0,0,0,0,0,1,0,0,0,0
T0976,1,0,0,0,0,1,0,0,0,0,0,1,0,0,0,0,0,1,1,0
T0977,0,0,0,0,0,0,0,1,0,0,0,1,0,0,1,0,0,0,1,1
T0978,0,0,1,1,0,1,0,0,0,0,0,1,0,0,0,0,0,1,0,0
T0979,0,1,1,1,0,0,0,0,1,0,0,0,0,0,0,1,0,1,0,1
T0980,0,0,0,0,1,0,0,0,0,0,0,1,1,1,0,0,0,0,0,0
T0981,1,1,0,0,0,0,0,0,0,0,1,1,1,0,0,1,0,1,0,0
T0982,0,0,1,0,1,1,1,0,0,0,0,1,0,0,0,0,1,1,0,1
T0983,1,0,0,0,0,0,1,0,0,1,1,0,0,1,0,0,0,0,0,0
T0984,0,1,1,0,0,0,0,1,1,0,0,0,0,0,1,0,0,0,1,0
T0985,0,1,0,0,1,0,0,0,0,0,1,1,1,0,0,1,0,0,1,0
T0986,0,0,0,0,0,0,0,0,1,0,0,1,0,1,0,1,1,0,0,1
T0987,0,1,0,0,1,0,1,1,0,0,0,0,0,0,0,0,0,0,0,0
T0988,0,0,0,0,0,0,0,0,0,0,0,1,1,0,0,0,1,0,0,0
T0989,0,0,0,1,0,0,0,1,0,0,0,0,1,0,0,0,0,0,0,0
T0990,1,0,1,1,0,0,0,1,0,0,1,0,0,1,0,0,0,1,0,0
T0991,0,1,0,0,1,0,0,1,0,0,1,0,0,1,0,0,0,0,0,0
T0992,0,0,0,0,0,0,1,0,0,0,0,1,0,0,0,1,0,0,1,0
T0993,0,0,0,0,0,1,1,1,1,0,0,1,1,0,1,0,1,0,0,0
T0994,0,0,1,0,0,0,0,0,0,0,0,1,0,0,1,1,1,0,0,1
T0995,0,0,0,1,0,0,0,0,0,0,1,1,0,1,1,0,1,0,0,0
T0996,1,1,1,1,1,0,0,0,0,0,0,1,0,0,1,0,0,1,0,0
T0997,0,0,0,0,1,0,0,1,0,0,1,0,1,0,0,1,0,0,0,1
T0998,1,0,0,0,0,0,1,1,0,0,0,0,0,0,1,0,0,0,0,0
T0999,0,1,0,0,1,1,0,1,0,0,0,0,0,0,0,0,1,1,1,0
T1000,0,0,0,0,0,0,0,0,1,0,0,0,1,0,0,0,1,0,0,1
